tel,siret,description,website
Numéro introuvable,SIREN : 905001244,"Comment agir pour la planète tout en faisant des économies ?
Saviez-vous que les pollutions de l'air intérieur peuvent agir sur votre santé ?
Je suis technicien hygiéniste. J’ai 10 années d’expérience dans l’hygiène.
Je désinfecte…",
06 29 28 74 56,SIREN : 902063700,"Bienvenue chez 007 AGENT-i, votre agence immobilière en Savoie qui révolutionne le marché local ! Forte de plus de 12 ans d'expérience, notre équipe casse les codes traditionnels pour vous offrir un service unique. Nous savons que…",
06 25 68 59 19,SIREN : 903155968,"007 Automotive, c’est un professionnel qui veut partager sa passion de l'automobile en vous dénichant une sélection de véhicules de qualité qui sont contrôlés par des experts afin de vous satisfaire au mieux.",
06 79 73 79 04,SIREN : 811944909,"Le garage 03 ABS AUTO est spécialisé dans la vente et reprise de véhicules d'occasion multimarques.

Situé à Montluçon dans l'allier, nous proposons à la vente tous types de véhicules ( citadines, berlines, utilitaires, monospaces…",
06 85 34 21 88,SIREN : 930640362,"🏍️06Motors est une société de passionnés dédiée à l'univers des deux-roues 🏍️ 

 🔍Offrant un service de recherche spécialisé pour les modèles de motos rares et recherchés.🔎 

 En tant que revendeur multi-marques, nous proposon…",
06 70 03 49 99,SIREN : 852935709,"Experte en Viager, adhérente au réseau National VIAG2E, je vous accompagne dans votre projet de vente en viager, vente à terme, nue-propriété.

J’exerce mon métier avec écoute, bienveillance et déontologie, afin de répondre à vos …",
Le numéro de téléphone n’est pas disponible,SIREN : 813886603,"🚗 Bienvenue chez 1000 AUTOS – Votre spécialiste du véhicule d’occasion à Roncq (59)

Depuis plusieurs années, notre équipe de passionnés met son expertise au service de votre mobilité. Nous sélectionnons avec soin des véhicules d…",
Le numéro de téléphone n’est pas disponible,SIREN : 498448968,"Créée en 2007, l’agence immobilière 1000 HABITAT, est
l’expert incontournable de votre secteur tant pour la vente
que pour la location
Nous mettons en place un réel accompagnement sur mesure pour
mieux vous guider dans votre p…",
Le numéro de téléphone n’est pas disponible,SIREN : 524359775,"Xavier MILLE, Agent immobilier, Indépendant depuis 1997, à créé l'agence 1000habitats en 2010. 

1000habitats est une agence de transaction immobilière (vente et location). Je vous propose sous 24h00 une estimation et une étude co…",
Le numéro de téléphone n’est pas disponible,SIREN : 953207198,"Avis de valeurs gratuits. Service de conciergerie (dès 98€): 06 84 57 65 30. Service transactions, viager, commerces et aide au financement: 06 63 34 41 43. Service locations saisonnières: 06 50 68 18 47. VALRAS PLAGE 29 Bd Jean D…",
06 89 68 63 60,SIREN : 490611019,"Chez Gardechat.fr, nous ne vous offrons pas une simple opportunité — mais un cadre solide, humain et duplicable pour bâtir votre propre pension féline.

Ce que nous vous apportons :

🐾 Un concept éprouvé et une marque reconnue, q…",
05 56 37 84 10,SIREN : 500316377,"Vous recherchez un nouveau lieu de résidence sur Bordeaux et alentours ?
Avec 1001 Adresses bénéficiez d’un service de location immobilier fiable et efficace. Grâce à son expertise approfondie du marché local et son engagement env…",
05 56 81 18 78,SIREN : 500316377,Nous sommes à votre disposition pour répondre à vos besoins,
06 28 84 16 59,SIREN : 528839616,"- Nous OFFRONS le DPE et la VISITE VIRTUELLE si vous nous 
confiez votre bien à la vente (voir conditions en agence) -

Entreprise familiale, nous avons bâti notre force sur la 
réactivité, la disponibilité et la confiance. 

Aprè…",
Numéro introuvable,SIREN : 531573152,"1001Hobbies est votre boutique en ligne pop culture, manga, jeux de rôle, miniatures et maquettes historiques depuis plusieurs années qui ne propose que des produits neufs officiels.

Passionnés par ces univers, nous collaborons d…",
04 70 46 19 68,SIREN : 901389635,"Rendez-vous à Avermes (03) au nord de Moulins dans l'Allier, pour rencontrer l'équipe qui vous accueillera et conseillera dans le choix de votre véhicule et de vos accessoires... Vous découvrirez notre show-room, notre atelier et …",
Le numéro de téléphone n’est pas disponible,SIREN : 514207216,"Rendez-vous à Maroeuil(62) pour rencontrer l'équipe qui vous accueillera et conseillera dans le choix de votre véhicule et de vos accessoires... Vous découvrirez notre show-room, la boutique du quadeur, notre atelier et nos servic…",
Le numéro de téléphone n’est pas disponible,SIREN : 838992519,"100% Auto d'Occasion vous propose :

- Achat, Vente de auto moto Toutes Marques
- label garantie
- transport de voiture 
- service carte grise

Nous nous situons à Maisons Laffitte: 

3 rue Johnson 78600 Maisons Laffitte 
Possibil…",
Le numéro de téléphone n’est pas disponible,SIREN : 345223242,"Des SUZUKI et PEUGEOT neufs
Des occasions sélectionnées, révisées, garanties.
Des accessoires (équipements pilotes, bagagerie, tuning…)
Du service rapide, disponible et de qualité
Du financement (4 fois sans frais, 10 fois, 20 foi…",
Le numéro de téléphone n’est pas disponible,SIREN : 419915830,"Les biens proposés ne représentent qu'une partie de notre 
portefeuille, et sont là pour vous aider dans vos recherches
n'hésitez pas à nous solliciter nous vous réserverons le 
meilleur accueil.",
05 49 53 54 02,SIREN : 419915830,"Pour l'immobilier en Vienne les agences immobilières 100% IMMOBILIER sont heureuses de vous accueillir sur leur site. 
Nos agences immobilières (Chauvigny, Saint Julien L’ars) 
sont ouvertes:
du lundi au vendredi de 9 à 12 heures …",
01 59 13 28 90,SIREN : 881767289,"🔧 all4ride® – Distributeur Officiel Sur-Ron France

Spécialiste exclusif des motos électriques Sur-Ron

all4ride® est revendeur officiel et exclusif de la marque Sur-Ron en France. Nous proposons l’intégralité de la gamme Sur-Ron…",
04 75 96 09 29,SIREN : 930964705,"nous avons eu a faire a jade concernant l'etat des lieux de sortie de notre appartement. outre des qualite relationnelles indeniables, jade a ete d'un professionnalisme et d'une bienveillance rare. tres disponible et reactive. nous recommandons cette agence.",
06 18 72 51 78,SIREN : 533854436,109 Immobilier est un professionnel de l'immobilier qui vous accompagne et vous conseille pour la realisation de votre projet immobilier. Nos specialistes de l'immobilier sont a votre disposition pour toute question sur un bien im…,
06 74 54 31 84,SIREN : 829151257,"Bienvenue chez 10Versions Auto, Spécialisé dans l'achat revente et l'import de véhicules. Passionnés et attentifs à vos besoins, je vous accompagne également dans votre recherche personnalisée afin de trouver le véhicule idéal, pa…",
Le numéro de téléphone n’est pas disponible,SIREN : 952959963,Route de Thann - Cité de l'Habitat - Village des Constructeurs,
Le numéro de téléphone n’est pas disponible,SIREN : 829085372,"11-34 IMMOBILIER  ARGELIERS - OLONZAC – L’EXPERTISE AU SERVICE DE VOTRE PROJET
Vos agences dans l'Aude et dans l'Hérault

Vous cherchez à vendre, acheter ou investir dans l’immobilier ?
11-34 IMMOBILIER vous accompagne avec profes…",
Le numéro de téléphone n’est pas disponible,SIREN : 480560259,Nous sommes à votre disposition pour répondre à vos besoins,
Le numéro de téléphone n’est pas disponible,SIREN : 811519941,"Fourniture et pose de clôtures, brises-vue, portails,
grillages dans le Nord-Pas-de-Calais (59,62)
Particuliers et professionnels",
02 98 92 68 21,SIREN : 522722925,"Le spécialiste Français des Appareils Diagnostic Automobiles Multimarques

Visitez notre site internet www.123diagauto.com

LAUNCH, THINKCAR, OTOFIX, TOPDON, KINGBOLEN, AUTEL, 

Le meilleur appareil diagnostic  sélectionné pour vo…",
09 54 42 07 87,SIREN : 903608552,"NOS HONORAIRES : 1%, 2%, 3% !   (Voir le site de l'agence)
Pionnier dès 2003 de l'agence en ligne à honoraires réduits,
123webimmo.com en est aujourd'hui l'enseigne leader. 

RESPONSABILITE, SECURITE, ENGAGEMENT ET SUIVI
A l'oppos…",
06 16 66 78 66,SIREN : 813263076,"NOS HONORAIRES : 1%, 2%, 3% ! (Voir le site de l'agence)
Pionnier des 2003 de l'agence en ligne a honoraires reduits,
123webimmo.com en est aujourd'hui l'enseigne leader.

RESPONSABILITE, SECURITE, ENGAGEMENT ET SUIVI
A l'oppose d…",
04 95 45 11 71,SIREN : 790861215,"NOS HONORAIRES : 1%, 2%, 3% ! (Voir le site de l'agence)
Pionnier dès 2003 de l'agence en ligne à honoraires réduits,
123webimmo.com en est aujourd'hui l'enseigne leader.

RESPONSABILITE, SECURITE, ENGAGEMENT ET SUIVI
A l'opposé d…",
02 41 34 49 10,SIREN : 851926196,"NOS HONORAIRES : 1%, 2%, 3% !   (Voir le site de l'agence)
Pionnier dès 2003 de l'agence en ligne à honoraires réduits,
123webimmo.com en est aujourd'hui l'enseigne leader. 

RESPONSABILITE, SECURITE, ENGAGEMENT ET SUIVI
A l'oppos…",
Le numéro de téléphone n’est pas disponible,SIREN : 790861215,"NOS HONORAIRES : 1%, 2%, 3% !   (Voir le site de l'agence)
Pionnier dès 2003 de l'agence en ligne à honoraires réduits,
123webimmo.com en est aujourd'hui l'enseigne leader. 

RESPONSABILITE, SECURITE, ENGAGEMENT ET SUIVI
A l'oppos…",
Le numéro de téléphone n’est pas disponible,SIREN : 851656041,"L'agence 123webimmo Béarn intervient sur tout le Béarn pour vous accompagner dans vos projets immobiliers. 

Un projet d'achat ? De vente ? De location ? D'investissement ?

Nous nous tenons à votre disposition pour vous conseille…",
Le numéro de téléphone n’est pas disponible,SIREN : 850426396,"NOS HONORAIRES : 1%, 2%, 3% ! (Voir le site de l'agence)
Pionnier dès 2003 de l'agence en ligne à honoraires réduits,
123webimmo.com en est aujourd'hui l'enseigne leader.

RESPONSABILITE, SECURITE, ENGAGEMENT ET SUIVI
A l'opposé d…",
05 56 70 44 48,SIREN : 524894250,"NOS HONORAIRES : 1%, 2%, 3% !   (Voir le site de l'agence)
Pionnier dès 2003 de l'agence en ligne à honoraires réduits,
123webimmo.com en est aujourd'hui l'enseigne leader. 

RESPONSABILITE, SECURITE, ENGAGEMENT ET SUIVI
A l'oppos…",
09 50 38 20 98,SIREN : 524037983,"NOS HONORAIRES : 1%, 2%, 3% !   (Voir le site de l'agence)
Pionnier dès 2003 de l'agence en ligne à honoraires réduits,
123webimmo.com en est aujourd'hui l'enseigne leader. 

RESPONSABILITE, SECURITE, ENGAGEMENT ET SUIVI
A l'oppos…",
06 03 17 27 88,SIREN : 791607013,"NOS HONORAIRES : 1%, 2%, 3% !   (Voir le site de l'agence)
Pionnier dès 2003 de l'agence en ligne à honoraires réduits,
123webimmo.com en est aujourd'hui l'enseigne leader. 

RESPONSABILITE, SECURITE, ENGAGEMENT ET SUIVI
A l'oppos…",
01 61 30 13 62,SIREN : 520845868,"NOS HONORAIRES : 1%, 2%, 3% !   (Voir le site de l'agence)
Pionnier dès 2003 de l'agence en ligne à honoraires réduits,
123webimmo.com en est aujourd'hui l'enseigne leader. 

RESPONSABILITE, SECURITE, ENGAGEMENT ET SUIVI
A l'oppos…",
02 41 34 49 10,SIREN : 894457308,"NOS HONORAIRES : 1%, 2%, 3% !   (Voir le site de l'agence)
Pionnier dès 2003 de l'agence en ligne à honoraires réduits,
123webimmo.com en est aujourd'hui l'enseigne leader. 

RESPONSABILITE, SECURITE, ENGAGEMENT ET SUIVI
A l'oppos…",
Le numéro de téléphone n’est pas disponible,SIREN : 452032923,"NOS HONORAIRES : 1%, 2%, 3% !   (Voir le site de l'agence)

Spécialistes du secteur Centre Essonne et particulièrement 
de Bondoufle et ses alentours. 

Nous vous proposons des estimations de qualité et rapides.
Nous vous proposon…",
Le numéro de téléphone n’est pas disponible,SIREN : 513439000,"NOS HONORAIRES : 1%, 2%, 3% ! (Voir le site de notre agence)
Pionnier dès 2003 du concept d'agence à honoraires réduits,
123webimmo.com en est aujourd'hui l'enseigne leader.

RESPONSABILITÉ, SÉCURITÉ, ENGAGEMENT ET SUIVI
A l'oppos…",
Le numéro de téléphone n’est pas disponible,SIREN : 513673905,"NOS HONORAIRES : 1%, 2%, 3% !   (Voir le site de l'agence)
Pionnier dès 2003 de l'agence en ligne à honoraires réduits,
123webimmo.com en est aujourd'hui l'enseigne leader. 

RESPONSABILITE, SECURITE, ENGAGEMENT ET SUIVI
A l'oppos…",
Le numéro de téléphone n’est pas disponible,SIREN : 499119550,"NOS HONORAIRES : 1%, 2%, 3% !   (Voir le site de l'agence)
Pionnier dès 2003 de l'agence en ligne à honoraires réduits,
123webimmo.com en est aujourd'hui l'enseigne leader. 

RESPONSABILITE, SECURITE, ENGAGEMENT ET SUIVI
A l'oppos…",
06 67 87 87 00,SIREN : 794767319,"NOS HONORAIRES : 1%, 2%, 3% !   (Voir le site de l'agence)
Pionnier dès 2003 de l'agence en ligne à honoraires réduits,
123webimmo.com en est aujourd'hui l'enseigne leader. 

RESPONSABILITE, SECURITE, ENGAGEMENT ET SUIVI
A l'oppos…",
02 32 19 44 02,SIREN : 791391188,"NOS HONORAIRES : 1%, 2%, 3% !   (Voir le site de l'agence)
Pionnier dès 2003 de l'agence à honoraires réduits,
123webimmo.com en est aujourd'hui l'enseigne leader. 

RESPONSABILITE, SECURITE, ENGAGEMENT ET SUIVI
A l'opposé des rés…",
06 76 48 10 13,SIREN : 529532996,"NOS HONORAIRES : 1%, 2%, 3% !   (Voir le site de l'agence)
Pionnier dès 2003 de l'agence en ligne à honoraires réduits,
123webimmo.com en est aujourd'hui l'enseigne leader. 

RESPONSABILITE, SECURITE, ENGAGEMENT ET SUIVI
A l'oppos…",
03 23 21 34 35,SIREN : 532168960,"NOS HONORAIRES : 1%, 2%, 3% !   (Voir le site de l'agence)
Pionnier dès 2003 de l'agence en ligne à honoraires réduits,
123webimmo.com en est aujourd'hui l'enseigne leader. 

RESPONSABILITE, SECURITE, ENGAGEMENT ET SUIVI
A l'oppos…",
06 30 00 75 87,SIREN : 833759764,"NOS HONORAIRES : 1%, 2%, 3% ! (Voir le site de l'agence)
Pionnier dès 2003 de l'agence en ligne à honoraires réduits,
123webimmo.com en est aujourd'hui l'enseigne leader.

RESPONSABILITE, SECURITE, ENGAGEMENT ET SUIVI
A l'opposé d…",
Le numéro de téléphone n’est pas disponible,SIREN : 799100250,"Emmanuel Declercq, spécialiste de la transaction immobilière des 9ème et 8ème arrondissements, expert immobilier. Mon agence intégrée dans un réseau leader de l'immobilier à frais réduits en France, opère des commissions de 1% 2% …",
Le numéro de téléphone n’est pas disponible,SIREN : 754004554,"NOS HONORAIRES : 1%, 2%, 3% !   (Voir le site de l'agence)
Pionnier dès 2003 de l'agence en ligne à honoraires réduits,
123webimmo.com en est aujourd'hui l'enseigne leader. 

RESPONSABILITE, SECURITE, ENGAGEMENT ET SUIVI
A l'oppos…",
Le numéro de téléphone n’est pas disponible,SIREN : 853234045,"NOS HONORAIRES : 1%, 2%, 3% ! (Voir le site de l'agence)
Pionnier des 2003 de l'agence en ligne a honoraires reduits,
123webimmo.com en est aujourd'hui l'enseigne leader.

RESPONSABILITE, SECURITE, ENGAGEMENT ET SUIVI
A l'oppose d…",
Le numéro de téléphone n’est pas disponible,SIREN : 449367366,"NOS HONORAIRES : 1%, 2%, 3% ! (Voir le site de l'agence)
Pionnier dès 2003 de l'agence en ligne à honoraires réduits,
123webimmo.com en est aujourd'hui l'enseigne leader.

RESPONSABILITE, SECURITE, ENGAGEMENT ET SUIVI
A l'opposé d…",
06 45 56 43 01,SIREN : 522053917,"NOS HONORAIRES : 1%, 2%, 3% !   (Voir le site de l'agence)
Pionnier dès 2003 de l'agence en ligne à honoraires réduits,
Plus de 97% de clients recommandent 123WEBIMMO Pays Salonais

RESPONSABILITE, SECURITE, ENGAGEMENT ET SUIVI
A …",
05 49 52 01 23,SIREN : 524187572,"NOS HONORAIRES : 1%, 2%, 3% ! (Voir le site de notre agence)
Pionnier dès 2003 du concept d'agence à honoraires réduits,
123webimmo.com en est aujourd'hui l'enseigne leader. 

RESPONSABILITÉ, SÉCURITÉ, ENGAGEMENT ET SUIVI
A l'oppo…",
06 28 68 25 12,SIREN : 537861064,"NOS HONORAIRES : 1%, 2%, 3% !   (Voir le site de l'agence)
Pionnier dès 2003 de l'agence en ligne à honoraires réduits,
123webimmo.com en est aujourd'hui l'enseigne leader. 

RESPONSABILITE, SECURITE, ENGAGEMENT ET SUIVI
A l'oppos…",
01 45 94 01 29,SIREN : 523645596,"NOS HONORAIRES : 1%, 2%, 3% !   (Voir le site de l'agence)
Pionnier dès 2003 de l'agence en ligne à honoraires réduits,
123webimmo.com en est aujourd'hui l'enseigne leader. 

RESPONSABILITE, SECURITE, ENGAGEMENT ET SUIVI
A l'oppos…",
06 34 58 46 73,SIREN : 817553027,"NOS HONORAIRES : 1%, 2%, 3% !   (Voir le site de l'agence)
Pionnier dès 2003 de l'agence en ligne à honoraires réduits,
123webimmo.com en est aujourd'hui l'enseigne leader. 

RESPONSABILITE, SECURITE, ENGAGEMENT ET SUIVI
A l'oppos…",
Le numéro de téléphone n’est pas disponible,SIREN : 891647190,"NOS HONORAIRES : 1%, 2%, 3% ! (Voir le site de l'agence)
Pionnier dès 2003 de l'agence en ligne à honoraires réduits,
123webimmo.com en est aujourd'hui l'enseigne leader.

RESPONSABILITE, SECURITE, ENGAGEMENT ET SUIVI
A l'opposé d…",
Le numéro de téléphone n’est pas disponible,SIREN : 910942507,"NOS HONORAIRES : 1%, 2%, 3% !   (Voir le site de l'agence)
Pionnier dès 2003 de l'agence en ligne à honoraires réduits,
123webimmo.com en est aujourd'hui l'enseigne leader. 

RESPONSABILITE, SECURITE, ENGAGEMENT ET SUIVI
A l'oppos…",
Le numéro de téléphone n’est pas disponible,SIREN : 523462232,"NOS HONORAIRES : 1%, 2%, 3% !   (Voir le site de l'agence)
Pionnier dès 2003 de l'agence en ligne à honoraires réduits,
123webimmo.com en est aujourd'hui l'enseigne leader. 

RESPONSABILITE, SECURITE, ENGAGEMENT ET SUIVI
A l'oppos…",
Le numéro de téléphone n’est pas disponible,SIREN : 799433438,"NOS HONORAIRES : 1%, 2%, 3% !   (Voir le site de l'agence)
Pionnier dès 2003 de l'agence en ligne à honoraires réduits,
123webimmo.com en est aujourd'hui l'enseigne leader. 

RESPONSABILITE, SECURITE, ENGAGEMENT ET SUIVI
A l'oppos…",
01 43 81 96 15,SIREN : 327746301,"Réseau Immobilier.notaires® : 2200 notaires négociateurs
sont à votre disposition dans toute la France.

L’office notarial et son service immobilier vous
accompagnent à chaque étape de votre projet pour:
Evaluer : grâce à sa base …",
06 09 17 22 17,SIREN : 521903310,"Spécialistes et passionnés de Harley Davidson, nous vous 
ferons partager notre expérience pour choisir la Harley 
Davidson qu'il vous faut.
ATELIER HARLEY DAVIDSON
achat, vente, préparation, création, customisation
Pour l'entreti…",
07 76 73 91 54,SIREN : 383208337,"Reseau Immobilier.notaires(R) : 2200 notaires negociateurs 
sont a votre disposition dans toute la France.

L'office notarial et son service immobilier vous 
accompagnent a chaque etape de votre projet pour:
Evaluer : grace a sa b…",
08 09 40 40 42,SIREN : 782855696,"Depuis 100 ans, 13 Habitat est le plus important bailleur social public de la région Sud. 
Notre patrimoine, comprend près de 34 000 logements dans 526 résidences réparties dans 73 communes du département des Bouches du Rhône.",
06 70 02 53 73,SIREN : 980649800,"L’agence 13 Immo Bien est une petite structure dynamique et réactive. Pleine d’énergie, ses membres disposent d’une grande expérience dans l’investissement immobilier.
Pour savoir accompagner la réussite d’une vente, il est idéal …",
Le numéro de téléphone n’est pas disponible,SIREN : 790873699,"Bienvenue dans notre agence
Toute notre équipe est à votre écoute pour vous proposer nos
 biens et vous guider dans vos projets
A très bientôt",
Le numéro de téléphone n’est pas disponible,SIREN : 892099805,"1465 Immo met à l'honneur la notion de conseil que nous nous devons d'amener à nos clients. C'est avant tout une agence de proximité. A vous de nous confier vos projets immobiliers, à nous d’y répondre.",
Le numéro de téléphone n’est pas disponible,SIREN : 306807736,"Réseau Immobilier.notaires® : 2200 notaires négociateurs sont à votre disposition dans toute la France.

L’office notarial et son service immobilier vous
accompagnent à chaque étape de votre projet pour:
Evaluer : grâce à sa base …",
Le numéro de téléphone n’est pas disponible,SIREN : 315843771,"L'étude 1629 NOTAIRES est membre du réseau Immobilier.notaires® : les notaires négociateurs sont à votre disposition dans toute la France.

L’office notarial et son service immobilier vous accompagnent à chaque étape de votre proj…",
01 42 66 80 39,SIREN : 413116385,"L'office notarial vous propose des biens a vendre et a louer. Le notaire vous accompagne durant tout votre projet immobilier. Retrouvez la globalite de nos biens à vendre ou à louer sur le site www.immonot.com, le 1er site immobil…",
05 86 30 20 61,SIREN : 828047761,"Profitez d’un regard motivé et professionnel sur l’immobilier en Charente-Maritime. 
Notre agence se compose de 6 personnes : 1 agent immobilier responsable d'agence, 
4 conseillers en transaction et 1 conseillère dédiée au servic…",
09 72 63 34 09,SIREN : 832638704,"Un projet immobilier étant souvent synonyme du rêve d’une vie. L’agence 1807 IMMOBILIER vous accompagne dans la concrétisation de votre projet qu’il s’agisse d’une vente ou d’une acquisition.

1807 IMMOBILIER est l'activité transa…",
06 72 18 81 13,SIREN : 490577129,"1807 Lacharrette est la référence du véhicule d'occasion multimarques !
Pourquoi 1807 Lacharrette ?
- une large sélection de véhicules à des prix accessibles !
- des voitures 100% contrôlés par nos experts
- la carte 1807 CLUB ave…",
07 56 27 17 49,SIREN : 490577129,"Peugeot Motocycles Avignon vous fait découvrir l'univers deux et trois roues à côté de Lacharrette Avignon. Des véhicules deux roues sont disponibles en thermique et électrique.

Qu'allez-vous découvrir dans notre show-room ? 
- 5…",
Le numéro de téléphone n’est pas disponible,SIREN : 891564841,"Venez découvrir 1877.audio sur rendez-vous !

1877.audio propose les marques :
Aequo Audio, Artnovion, B.Audio, Bassocontinuo, CAD, CEC, Cos Engineering, Diptyque Audio, Gigawatt, Grimm Audio, Halcro, Innuos, Isoacoustics, Jorma, …",
Le numéro de téléphone n’est pas disponible,SIREN : 793915539,"De la transaction au déménagement en passant par la déco, les travaux, le financement ou la défiscalisation, votre Chef de Projets Immobiliers 1894, s'occupe de tout! Grâce à une équipe interne dédiées aux services, les Chefs de p…",
Le numéro de téléphone n’est pas disponible,SIREN : 881249510,"1967 Diffusion Auto – Votre partenaire automobile à MER

📍 Adresse : 12 rue de Buray, MER (41500)  
Tous nos véhicules sont disponibles sur rendez-vous, avec des options adaptées à tous les budgets, y compris les petits budgets. …",
Le numéro de téléphone n’est pas disponible,SIREN : 931814099,none,
06 50 09 33 38,SIREN : 817603137,"L’Agence 19CENT86 Immobilier & Placements est composée d’une équipe de professionnels autour de Nicolas MAÏA, Gérant. Notre ambition est de vous aider et de vous faciliter la vie face à des projets qui demandent des connaissances …",
04 78 57 81 70,SIREN : 444106132,"ESTIMATION REALISTE & OFFERTE 
Que vous souhaitiez Vendre ou Acheter, confiez nous votre projet en toute sérénité !

Plus de 450 avis clients certifiés, n'hésitez pas à les consulter !!


- Vous bénéficiez d’un accompagnement admi…",
04 93 47 72 77,SIREN : 884879453,"Passionné d'automobile nous vendons des véhicules uniques pour des personnes uniques.

1 OF 1 CARS est une société de vente de véhicules
Fortes d'une expérience réussi dans la vente de véhicule de standing nous nous efforçons d'ap…",
09 53 50 10 00,SIREN : 530514454,"Agence qui met à votre disposition son expertise immobilière
et offre un service sur-mesure,adapté à la situation du 
marché, une estimation de votre bien à vendre, un ciblage 
de vos recherches d’acquisition, une gestion efficace…",
01 53 23 38 83,SIREN : 350902102,"L'investissement dans l'immobilier s'adresse à tous ceux qui souhaitent se constituer un patrimoine et obtenir des revenus complémentaires.
Avec ses 30 ans d'expertise et la confiance acquise de plus de 20 000 investisseurs, 1 Pie…",
Le numéro de téléphone n’est pas disponible,SIREN : 935004366,Achat - Vente - Location / Estimation gratuite,
Le numéro de téléphone n’est pas disponible,SIREN : 827708850,"Faites confiance à un expert pour vous accompagner !

203 IMMOBILIER développe une stratégie résolument orientée 
prospects. Son credo ?
Accompagner les propriétaires de biens immobiliers sur les 
meilleures solutions liées à la v…",
Le numéro de téléphone n’est pas disponible,SIREN : 884614652,"Aujourd’hui, pour un motard, l’esthétisme et le plaisir de conduire vont de pair. On veut s’impliquer dans le processus de fabrication pour obtenir une moto qui nous ressemble. C’est le moyen pour chacun d’exprimer sa personnalité…",
Le numéro de téléphone n’est pas disponible,SIREN : 982905143,"Véhicule visible sur notre parc (essais sur rendez-vous)
----
Vente de véhicule NEUF et OCCASION
----
Nous disposons de 80 Véhicules sur PARC et plus de 1500 véhicules disponible à la demande.
----
Nous pouvons proposer une garant…",
06 86 38 62 59,SIREN : 983699042,"🔑 2A Immo – Agence immobilière à Petit Caux(76)
Vous avez un projet immobilier entre Dieppe et la Baie de Somme ? Achat, vente, estimation ou location saisonnière, 2A Immo vous accompagne avec proximité, écoute et réactivité.

✅ …",
04 73 91 91 75,SIREN : 925244188,"2A IMMO, votre partenaire incontournable pour vos projets sur le secteur de la Limagne et des Combrailles. Bienvenue chez 2A immo, votre agence immobilière à Pontgibaud fondée par Alexane Drijard, ancienne clerc de notaire en vent…",
06 34 11 72 84,SIREN : 978260339,"Un engagement de professionnalisme et de transparence pour vous accompagner dans une solution personnalisée en adéquation avec votre projet :

Une politique d’accompagnement humaine et de proximité qui repose sur l’EFFICIENCE pour…",
06 85 40 09 73,SIREN : 841125784,"Transactions Immobilières, 
Notre agence, sur votre secteur géographique, avec des 
personnes expertes et d'expérience pour vous accompagner au 
travers d'une relation humaine. 
Votre projet devient le nôtre et nous saurons vous 
…",
02 43 53 62 05,SIREN : 927766139,"Valérie avec 6 années d'expériences comme négociatrice immobilier et 15 ans pour Stéphane, 2024 est un nouveau départ avec notre agence 2B.

Nous nous connaissons bien et nous avons les mêmes objectifs.
Estimation gratuite, avis d…",
Le numéro de téléphone n’est pas disponible,SIREN : 397423971,"Garage 2B Autos : garage automobile, entretien et révision 
de voitures à Auch

Le garage 2B Autos est le spécialiste de la vente de 
véhicules neufs et d’occasion ainsi que de l’entretien de 
véhicules, situé à Auch, dans le Gers…",
Le numéro de téléphone n’est pas disponible,SIREN : 947716361,"Avec notre solide savoir-faire technique, nous sommes spécialisés dans la vente de véhicules de tourisme et utilitaires, tant pour les professionnels que pour les particuliers. Nous proposons une large gamme de véhicules adaptés à…",
Le numéro de téléphone n’est pas disponible,SIREN : 809904402,"2B Conseil à ouvert ses portes le 7 septembre 2015 à VIENNE EN VAL (45510) et son bureau annexe à OUZOUER SUR LOIRE (45570) le 7 septembre 2021.
Cette entreprise a été créée par Jean et Angélique BEUDET, et compte aujourd’hui 3 co…",
Le numéro de téléphone n’est pas disponible,SIREN : 792524829,"2b Moto à Aurillac, votre concessionnaire Beta, CF Moto, TGB, Goes, Hytrack, Sur-ron, Talaria
Achat vente reprise motos et quads
Vente d'équipements pilote et moto
Stock permanent
Nombreux véhicules disponibles à l'essai.",
07 49 89 41 85,SIREN : 828226183,"2B MOTORS est une concession automobile toutes marques, spécialiste du véhicule neuf et occasion récent en CORSE  (L'ile rousse) et PACA (Roquevaire) .

-Recherche personnalisée véhicule PREMIUM et HAUT DE GAMME clefs en main .
-L…",
03 24 30 23 94,SIREN : 240800920,Vous cherchez un logement en Argonne Ardennaise ? La 2C2A,
07 69 00 75 39,SIREN : 979246584,"Chez 2C2F IMMO, notre engagement premier est d'instaurer une confiance solide entre nous et nos clients. Notre devise, ""Votre confiance, notre savoir-faire"", reflète l'essence même de notre approche. Nous sommes bien plus qu'une a…",
06 27 72 03 78,SIREN : 928322098,2C AUTO vous accueille et vous propose une sélection de véhicules d'occasion toutes marques,
06 16 13 97 91,SIREN : 952970309,"Votre agence 2C AUTOMOBILE à Saintes vous propose :

- Achat, Vente & Dépot-vente de véhicules Toutes Marques
- Garanties & Extensions de garantie
- Nettoyage & Préparation esthétique
- Reprises
- Financements

Vous cherchez une n…",
Le numéro de téléphone n’est pas disponible,SIREN : 538863515,"Nous vous proposons des véhicules neufs et occasions toutes 
marques
 pendant toute l'année à des tarifs très intéressant.

N'hésitez pas à nous contacter pour la moindre demande, nous
 sommes à votre disposition.",
Le numéro de téléphone n’est pas disponible,SIREN : 983814450,"Notre rôle : vous apporter tous les savoirs faires indispensables à la rentabilité de votre
investissement et vous conformer à la législation en vigueur.",
Le numéro de téléphone n’est pas disponible,SIREN : 810110213,"Depuis plus de 25 ans, notre Cabinet d’affaires PROCOMM est situé à Paris dans le 11ème arrondissement, proche de la Place de la République.

Notre domaine de compétence va de la simple location en passant par la cession de droit …",
Numéro introuvable,SIREN : 824728141,"2CS, spécialiste du Playmobil d’occasion, vous propose une large gamme dans tous les thèmes (city action, history, country…).
Soucieux de l’environnement, 2CS rachète, trie, lave et complète chaque set afin de vous proposer des Pl…",
06 76 52 75 06,SIREN : 534366075,"Accompagnement des investissements
Investissements, valeur commerciale & commercialisation
2D Développement propose aux clients qui ne disposent pas de départements dédiés aux problématiques de l’immobilier leur expertise en terme…",
01 69 75 10 20,SIREN : 510340896,"Avec Laforêt, profitez d'un accompagnement personnalisé et 
de services à chaque étape de votre projet immobilier.",
06 49 31 70 68,SIREN : 538425042,"Spécialisés dans le reconditionnement de vélos électriques et partenaires de grandes marques nous vous proposons nos bonnes affaires sur des vélos et accessoires neufs en déstockage ou reconditionnés.

Nos vélos d'occasion sont co…",
05 46 74 53 32,SIREN : 519004782,"2D MOTO à Saintes, votre spécialiste Moto Occasion, 
Accessoires Moto et Pilote et Atelier Service Rapide

Revendeur SHERCO, FANTIC, QJ MOTOR et SYM.

2D MOTO à Saintes, 133 cours paul doumer 17100 
SAINTES. Tel : 0546745332. @ : …",
06 35 45 61 68,SIREN : 900070970,Négociant véhicules / matériels utilitaires.,
Le numéro de téléphone n’est pas disponible,SIREN : 408344752,"Rattachée au réseau national Cimm Immobilier (38 ans
d'expérience), notre agence immobilière est à votre
disposition pour vous accompagner à toutes les étapes de
votre projet de vente, d'achat, ou de location :
- service juridique…",
Numéro introuvable,SIREN : 779859297,"2 Fleuves Rhône Habitat , présidé par Christophe Guilloteau et avec Guillaume Rio comme directeur général, intervient sur le territoire du Département du Rhône. 
Avec 23 500 locataires et plus de 13 000 logements dont 1 455 en rés…",
Le numéro de téléphone n’est pas disponible,SIREN : 814572442,"2G AUTO VIP nous vous proposons un large choix de véhicules d'occasions multi marques tels que Fiat , Peugeot , Renault , Citroën , Dacia , Bmw , Volkswagen , Mercedes Benz , Audi , Porsche , Land Rover , Ferrari  etc....
Tous nos…",
06 49 34 71 62,SIREN : 877598946,"2G Meca  Bretagne Machines Outils est acteur dans le domaine de la machine outil neuve et d'occasion .
Nous effectuons l'achat et vente de machines outils .
Nous  intervenons également pour la mise en place et le dépannage ainsi q…",
06 34 43 19 88,SIREN : 904013067,"Chez 2GO CONSEILS IMMOBILIER, à Pompey, notre façon de travailler permet d'assurer un accompagnement très personnalisé pour chacun de nos clients.

Après une étude complète de vos besoins, nous vous proposons des solutions adaptée…",
06 95 05 16 97,SIREN : 921290284,"2HM Rénovation est une entreprise spécialisée dans les travaux de rénovation et d’aménagement intérieur, offrant une large gamme de services pour transformer vos espaces de vie. De l'électricité à la plomberie, nos artisans qualif…",
06 83 81 19 65,SIREN : 909395469,"Découvrez votre futur chez-vous avec notre agence immobilière de confiance, spécialisée dans la transaction, la location, les conseils avisés en investissement et des estimations précises pour vous guider vers des choix immobilier…",
06 03 64 38 96,SIREN : 528846520,"Que vous soyez une entreprise ou un particulier à la recherche de fenêtres personnalisées pour un nouveau projet.

2k-fermetures est là pour vous aider à sélectionner votre produit adapté à vos besoins et à obtenir des services de…",
Le numéro de téléphone n’est pas disponible,SIREN : 752282772,"2L2D AUTO c'est 12 années d'activités 

Nous sommes spécialisé dans l'américaine et plus précisément dans l'américaine de collection .
N'hésitez pas a nous suivre sur notre site internet afin de suivre nos nouveautés , futur arriv…",
Le numéro de téléphone n’est pas disponible,SIREN : 523085470,"Achat Vente et Réparation de véhicules neufs et d'occasion
Toutes marques

Spécialiste en entretien des boites automatique, vidange à 
100% avec machine la meilleur méthode pour une vidange 
parfaite

Facilité de paiement",
Le numéro de téléphone n’est pas disponible,SIREN : 808877641,"Garage Automobile - Carrosserie/Peinture - Véhicules Neufs et Occasions

- Véhicules Neufs Mandataire et Occasions
- Recherche de véhicule selon vos critères

- Carrosserie/Peinture Auto/Moto/Camping-Car
- Prise en charge des sini…",
Le numéro de téléphone n’est pas disponible,SIREN : 480166826,Négociant véhicules / matériels pour travaux public.,
06 63 30 82 96,SIREN : 830927349,"Tous nos véhicules sont disponible sur notre parc.
Véhicules toutes marques.

N'hésitez pas à nous contacter.

Venez visiter notre site -> www.2mcars.com 

A très vite !",
06 10 52 06 84,SIREN : 809756398,"📢 Vous organisez un événement privé ou professionnel et cherchez une solution simple pour du matériel événementiel de qualité ?

🎉 Ne cherchez plus ! Nous mettons à votre disposition tout le nécessaire pour une fête réussie, san…",
09 53 10 98 88,SIREN : 904077906,"2M IMMOBILIER, Deux agences indépendantes, et de proximité.
Notre structure familiale nous permet d'être proche de nos clients, d'instaurer une relation de confiance dans nos échanges, de proposer des prestations adaptées et des s…",
01 64 79 14 65,SIREN : 517911087,"Créée depuis 2009 par Alain MERIEUX et Franck MANNIER, l’agence est spécialiste du marché immobilier de Melun depuis plus de 30 ans ; 2M IMMOBILIER est une agence indépendante et adhérente à la FNAIM (Fédération Nationale de l’Imm…",
03 89 54 42 58,SIREN : 378331912,"L’agence pratique tous les métiers de l’immobilier depuis sa
 création en 1990, et connaît ainsi parfaitement la valeur 
des biens et le sens des
La gestion
Au cœur de notre métier, les propriétaires sont assurés de 
louer leurs b…",
Le numéro de téléphone n’est pas disponible,SIREN : 914483995,REPRISE POSSIBLE DE VOTRE ANCIEN VÉHICULE.,
Le numéro de téléphone n’est pas disponible,SIREN : 892815879,"Un concept unique dans le Haut-Rhin !

Notre équipe est à votre écoute et à votre disposition pour vous accompagner dans tous vos projets de vente ou d'achat immobilier.

Maison, appartement, terrain, immeuble de rapport, local co…",
Le numéro de téléphone n’est pas disponible,SIREN : 837730688,"2N Turbo le spécialiste du turbo, vous propose une large 
gamme de turbocompresseurs neuf et échange standard à des 
prix très attractifs.
Nous vous proposons aussi la possibilité de réparer votre 
turbo sur devis.

Tous nos turbo…",
Le numéro de téléphone n’est pas disponible,SIREN : 933346819,none,
06 93 84 08 48,SIREN : 515284594,"Passionné par les plages et les paysages côtiers ? À la recherche d’un bien immobilier d’exception ? Découvrez notre large sélection de propriétés à Saint-Joseph, sur l’île de la Réunion. Avec plus de 24 ans d’expérience, notre ag…",
06 83 88 64 20,SIREN : 523849156,"Vous recherchez des professionnels qualifiés pour vos travaux de peinture, de revêtement de sol ou d'aménagement en placo dans le 86 ? 2PPSOL86 est votre partenaire de confiance pour des réalisations de qualité, adaptées à vos bes…",
04 90 50 91 21,SIREN : 452925407,"2RC Consult Immo à Saint Chamas Agence immobilière indépendante et familiale, vous propose depuis 2004 un service de transaction pour la vente de maisons et appartements, sur Saint Chamas et sa région, un service location et gesti…",
06 17 58 18 21,SIREN : 928149483,"2R OCCAZ est une entreprise spécialisée dans l'achat / revente de 2 roues d'occasion.
Nous sommes situés sur l'est Lyonnais à proximité de la gare TGV /aéroport de Saint-Exupéry.",
01 48 90 48 90,SIREN : 832869515,"Venez découvrir notre large gamme de véhicules 2roues ! 

Les véhicules proposés sont révisés dans nos ateliers.
Vous pouvez opter pour des garanties supplémentaires. 

Possibilité de paiement en 3 ou 4 fois en boutique. 
Nous vou…",
Le numéro de téléphone n’est pas disponible,SIREN : 339053126,"Depuis plus de 25 ans, les 2 roues méloises accompagnent 
leurs pilotes sur les terrains de motocross, les spéciales 
d'enduro, les pistes d'endurance ou les routes normandes au 
guidon de routières, supermotards, cyclos, cycles o…",
Le numéro de téléphone n’est pas disponible,SIREN : 903945269,"SIMPLICICAR - Réseau Leader National d'agences automobiles PREMIUM. C'est plus de 90 agences en France, en Belgique et dans les DOM-TOM. Plus de 20.000 véhicules vendus chaque année, de la Fiat 500 à la Ferrari. Nos services : - A…",
Le numéro de téléphone n’est pas disponible,SIREN : 821866555,"2Y Foncier Conseil s'engage à vous accompagner à chaque étape de votre projet immobilier, que ce soit pour acheter, louer, vendre, gérer ou rénover un bien. Notre mission : valoriser votre patrimoine grâce à notre expertise, notre…",
Le numéro de téléphone n’est pas disponible,SIREN : 922270814,"Detailing • Covering • Film PPF • Gardiennage • Achat/vente • Nettoyage

314CARS, votre spécialiste Roannais en achat, vente, protection et rénovation de véhicules.

Nous vous proposons différentes solutions de financement en fonc…",
02 32 32 00 54,SIREN : 838269173,none,
06  9 9  23  1 5  76,SIREN : 825336860,"330 OCCASIONS Vous propose une Garantie de 3 mois à 48 mois 
sur tous les véhicules d’occasion !

Le choix garanti: Avec de nombreux véhicules d'occasion et 
des arrivages permanents, vous trouverez forcément la
voiture que vous c…",
07 89 79 75 84,SIREN : 800747545,"Mme CUADRAT, agent Immobilier, et son 
équipe sauront vous apporter une écoute attentive et sa 
vision qualitative de l’immobilier afin de satisfaire au 
mieux vos attentes.

Pour tous vos projets ACHATS / VENTES 

VAL DE L'EYRE
N…",
05 56 81 72 42,SIREN : 438750390,"Notre agence immobilière est présente sur Bordeaux, le Bassin d'Arcachon et Annecy.
Ecoute, recherche et accompagnement sont les maîtres-mots du fonctionnement de notre agence immobilière. Notre expérience est mise au service de v…",
05 56 32 15 16,SIREN : 378588107,SCI PROPRIETAIRE PRIVE à Bordeaux. Nous proposons à la location uniquement à BORDEAUX HYPERCENTRE des appartements (du studio au T5 avec terrasse) et des locaux professionnels/commerciaux. SANS COMMISSION D'AGENCE - NI FRAIS DE DO…,
Le numéro de téléphone n’est pas disponible,SIREN : 887723039,"Nous vous accompagnons avec Sérieux, Sourire et Service dans la réalisation de vos projets.
Achat-Vente-Location-Gestion Locative.
Optimisons et protégeons vos intérêts ! 
Une équipe confirmée à votre service.",
Le numéro de téléphone n’est pas disponible,SIREN : 948974746,"- Agence immobilière indépendante - 

La passion du projet immobilier

Une vision grand angle et professionnelle des différents métiers : ​

·       Transaction immobilière
·       Promotion immobilière
·       Aménagement foncier…",
Le numéro de téléphone n’est pas disponible,SIREN : 977711597,"Notre cabinet d'affaires vous guide dans toutes les étapes de votre projet et vous aide à atteindre vos objectifs.

Mobile géographiquement, nous vous accueillons partout en France grâce à nos multiples partenariats avec votre cab…",
Numéro introuvable,SIREN : 899243539,"Notre maître mot est la relation de confiance et notre valeur commune la bienveillance.

C’ est avec efficacité que nous vous accompagnerons dans différents domaines : achat, vente, construction, conseil en financement , courtage …",
05 55 73 80 02,SIREN : 847928488,"L'office notarial vous propose des biens a vendre et a louer. Le notaire vous accompagne durant tout votre projet immobilier. Retrouvez la globalite de nos biens à vendre ou à louer sur le site www.immonot.com, le 1er site immobil…",
03 21 46 86 86,SIREN : 343950978,"Depuis 1988, 3A IMMOBILIER a vendu plus de 10 000 logements. Consultez toutes nos annonces de vente ou de location
sur notre site https://www.3aimmobilier.fr  

Vous voulez faire estimer votre bien gratuitement,
- le vendre,
- le …",
04 76 08 80 30,SIREN : 402048318,"3 A Immobilier est implante depuis plus de 30 ans a Bernin, au coeur de la vallee du Gresivaudan.

L'agence est specialisee dans la transaction de maisons, de terrains et d'appartements.

Nous vous apporterons notre expertise et n…",
02 31 82 58 25,SIREN : 439199795,Bienvenue sur le site de l'agence 3A Immobilier,
03 74 05 05 50,SIREN : 343950978,"Depuis 1988, 3A IMMOBILIER a vendu plus de 10 000 logements. Consultez toutes nos annonces de vente ou de location
sur notre site https://www.3aimmobilier.fr  

Vous voulez faire estimer votre bien gratuitement,
- le vendre,
- le …",
Le numéro de téléphone n’est pas disponible,SIREN : 343950978,"Depuis 1988, 3A IMMOBILIER a vendu plus de 10 000 logements. Consultez toutes nos annonces de vente ou de location
sur notre site https://www.3aimmobilier.fr  

Vous voulez faire estimer votre bien gratuitement,
- le vendre,
- le …",
Le numéro de téléphone n’est pas disponible,SIREN : 343950978,"Depuis 1988, 3A IMMOBILIER a vendu plus de 10 000 logements. Consultez toutes nos annonces de vente ou de location
sur notre site https://www.3aimmobilier.fr  

Vous voulez faire estimer votre bien gratuitement,
- le vendre,
- le …",
Le numéro de téléphone n’est pas disponible,SIREN : 343950978,"Depuis 1988, 3A IMMOBILIER a vendu plus de 10 000 logements. Consultez toutes nos annonces de vente ou de location
sur notre site https://www.3aimmobilier.fr  

Vous voulez faire estimer votre bien gratuitement,
- le vendre,
- le …",
Le numéro de téléphone n’est pas disponible,SIREN : 343950978,"Depuis 1988, 3A IMMOBILIER a vendu plus de 10 000 logements. Consultez toutes nos annonces de vente ou de location
sur notre site https://www.3aimmobilier.fr  

Vous voulez faire estimer votre bien gratuitement,
- le vendre,
- le …",
06 69 93 58 27,SIREN : 848785184,Ventes de véhicules occasions toutes marques,
06 26 19 87 34,SIREN : 510204852,"Implanté dans le pays de Fayence depuis 26 ans
+ de 30ans d'expérience
Commission d'agence à partir de 3%TTC selon type de  mandat (voir barême)",
05 57 34 65 59,SIREN : 817578420,"Le Comptoir immo est une agence indépendante à échelle humaine.

L'agence est composée de collaborateurs d'expériences et motivés, nous sommes spécialistes de la Rive de Droite de Bordeaux.

Le professionnalisme, le dynamisme mais…",
06 43 66 17 37,SIREN : 904694908,"3C Immobilier, agence immobilière à Carcassonne met son expertise au service de sa clientèle. Notre but, vous accompagner et comprendre au mieux vos besoins pour faire de votre projet immobilier une réalité",
05 59 46 46 00,SIREN : 485376784,"Chez 3C MOTOS , vous bénéficiez d’une gamme complète d’occasions de qualité. Tous nos véhicules ont été testés et contrôlés par notre équipe avant leur mise en vente. Nos experts ont vérifié les 60 points de contrôle du label Hond…",
Le numéro de téléphone n’est pas disponible,SIREN : 881229173,"3%.COM, Réseau national immobilier à honoraires réduits.
Compétence et juste prix, le meilleur des compromis

Avec des honoraires sur la vente des biens des particuliers de 3 %*, Votre agence immobilière AICE-Immo, 3%.COM est la s…",
Le numéro de téléphone n’est pas disponible,SIREN : 938394970,Vente de véhicules d'occasions,
Le numéro de téléphone n’est pas disponible,SIREN : 533231569,"Chez 3D CONSEIL, nous vous accompagnons à chaque étape de la vie de votre entreprise. Spécialisés dans la gestion des formalités de création et de modification d’entreprise, nous vous offrons un service complet et clé en main, de …",
Le numéro de téléphone n’est pas disponible,SIREN : 438561557,"Installée au coeur de l’Avesnois depuis plus de 20 ans, l’agence 3D 
immo vous séduira par sa convivialité, son expérience et son 
dynamisme.

Nous vous invitons à découvrir le charme de cette région 
avec ses maisons de caractère…",
03 84 44 91 31,SIREN : 529074783,"La société 3D Immobilier est une agence immobilière, spécialisée dans la transaction (maisons, appartements, commerces, immeubles) sur :

1) Le Jura (Lons le Saunier, Bletterans, Dole, Clairvaux les Lacs).
2) La Saône-et-Loire (Lo…",
07 44 92 10 52,SIREN : 514994227,"Nous sommes un couple passionné par l'impression 3D, avec une spécialisation dans la création de figurines, décors et accessoires pour jeux de plateau, wargames (fantasy et science-fiction) ainsi que des pièces pour artistes peint…",
07 88 04 57 92,SIREN : 538479346,"Chez 3D Presta+, nous offrons des services professionnels pour garantir un environnement propre et sain. Nos experts sont formés pour traiter tous types de nuisibles et assurer la propreté de vos espaces.

Nos Services
- Dératisat…",
07 49 90 22 38,SIREN : 884348574,"Depuis plusieurs années, nous élevons le niveau de vente au détail de voitures d’occasion avec l’un des programmes de véhicules d’occasion les plus récentes et les plus fiables jamais créés. 

Avec 3F auto Services vous pouvez éga…",
Numéro introuvable,SIREN : 967200049,"Au cœur de la région Centre-Val de Loire, la société 3F 
Centre Val de Loire dispose d’un parc de plus de 12 000 
logements dans le Loir-et-Cher (41), le Loiret (45), 
l’Eure-et-Loir (28) et l’Indre-et-Loire (37), en 
particulier …",
06 13 49 75 00,SIREN : 552141541,"3F Normanvie gère près de 25 000 habitations à loyer modéré en Normandie, dans quatre départements et 176 communes, en particulier Rouen, Le Havre, Val-de-Reuil,Port-Jérôme-sur-Seine, Dieppe, Fécamp, Caen",
Le numéro de téléphone n’est pas disponible,SIREN : 716820410,"Au travers de son activité, 3F Occitanie répond aujourd’hui principalement aux besoins de la métropole toulousaine, tout en restant fidèle à ses implantations tarnaises d'origine.",
Numéro introuvable,SIREN : 552141533,"Acteur majeur de l’immobilier résidentiel, le Groupe 3F offre, au sein d’Action Logement Immobilier, un cadre de vie à près de 700 000 personnes en France. Il gère près de 300 000 logements locatifs et livre plus de 8 000 logement…",
Le numéro de téléphone n’est pas disponible,SIREN : 415750868,Promoteur Immobilier,
06 77 22 02 27,SIREN : 821254083,VENTE VÉHICULES NEUFS ET OCCASIONS TOUTES MARQUES,
06 31 24 83 06,SIREN : 511254831,"3G IMMO est un réseau national constitué de + de 650 mandataires immobiliers expérimentés. Spécialistes de la transaction de tous types de biens, nos conseillers immobiliers mettent leur professionnalisme au service d'une clientèl…",
06 37 16 57 24,SIREN : 388620304,"3G IMMO est un réseau national constitué de + de 650 mandataires immobiliers expérimentés. Spécialistes de la transaction de tous types de biens, nos conseillers immobiliers mettent leur professionnalisme au service d'une clientèl…",
06 85 14 27 79,SIREN : 521649574,"SUIGI IMMOBILIER by Angèle et Patrice SUIGI est né de la double compétence de Angèle et Patrice, couple passionné et expérimenté dans le domaine de l’immobilier. 



Pour nous : Votre satisfaction est notre priorité !



Natifs et…",
06 59 50 82 64,SIREN : 842625436,"3G IMMO est un réseau national constitué de + de 650 mandataires immobiliers expérimentés. Spécialistes de la transaction de tous types de biens, nos conseillers immobiliers mettent leur professionnalisme au service d'une clientèl…",
Le numéro de téléphone n’est pas disponible,SIREN : 825103609,"3G IMMO est un réseau national constitué de + de 650 mandataires immobiliers expérimentés. Spécialistes de la transaction de tous types de biens, nos conseillers immobiliers mettent leur professionnalisme au service d'une clientèl…",
Le numéro de téléphone n’est pas disponible,SIREN : 442588828,"3G IMMO est un réseau national constitué de + de 650 mandataires immobiliers expérimentés. Spécialistes de la transaction de tous types de biens, nos conseillers immobiliers mettent leur professionnalisme au service d'une clientèl…",
Le numéro de téléphone n’est pas disponible,SIREN : 492316583,"3G IMMO est un réseau national constitué de + de 650 mandataires immobiliers expérimentés. Spécialistes de la transaction de tous types de biens, nos conseillers immobiliers mettent leur professionnalisme au service d'une clientèl…",
Le numéro de téléphone n’est pas disponible,SIREN : 510257892,"3G IMMO est un réseau national constitué de + de 650 mandataires immobiliers expérimentés. Spécialistes de la transaction de tous types de biens, nos conseillers immobiliers mettent leur professionnalisme au service d'une clientèl…",
06 73 63 69 60,SIREN : 808598767,"3G IMMO est un réseau national constitué de + de 650 mandataires immobiliers expérimentés. Spécialistes de la transaction de tous types de biens, nos conseillers immobiliers mettent leur professionnalisme au service d'une clientèl…",
07 87 19 45 59,SIREN : 802599795,"3G IMMO est un réseau national constitué de + de 650 mandataires immobiliers expérimentés. Spécialistes de la transaction de tous types de biens, nos conseillers immobiliers mettent leur professionnalisme au service d'une clientèl…",
06 86 44 57 07,SIREN : 750025181,"3G IMMO est un réseau national constitué de + de 650 mandataires immobiliers expérimentés. Spécialistes de la transaction de tous types de biens, nos conseillers immobiliers mettent leur professionnalisme au service d'une clientèl…",
06 74 65 64 73,SIREN : 418524997,"3G IMMO est un réseau national constitué de + de 650 mandataires immobiliers expérimentés. Spécialistes de la transaction de tous types de biens, nos conseillers immobiliers mettent leur professionnalisme au service d'une clientèl…",
06 87 86 37 10,SIREN : 489909804,"3G IMMO est un réseau national constitué de + de 650 mandataires immobiliers expérimentés. Spécialistes de la transaction de tous types de biens, nos conseillers immobiliers mettent leur professionnalisme au service d'une clientèl…",
Le numéro de téléphone n’est pas disponible,SIREN : 490409885,"3G IMMO est un réseau national constitué de + de 650 mandataires immobiliers expérimentés. Spécialistes de la transaction de tous types de biens, nos conseillers immobiliers mettent leur professionnalisme au service d'une clientèl…",
Le numéro de téléphone n’est pas disponible,SIREN : 398950048,"3G IMMO est un réseau national constitué de + de 650 mandataires immobiliers expérimentés. Spécialistes de la transaction de tous types de biens, nos conseillers immobiliers mettent leur professionnalisme au service d'une clientèl…",
Le numéro de téléphone n’est pas disponible,SIREN : 398863357,"3G IMMO est un réseau national constitué de + de 650 mandataires immobiliers expérimentés. Spécialistes de la transaction de tous types de biens, nos conseillers immobiliers mettent leur professionnalisme au service d'une clientèl…",
Le numéro de téléphone n’est pas disponible,SIREN : 528415417,"3G IMMO est un réseau national constitué de + de 650 mandataires immobiliers expérimentés. Spécialistes de la transaction de tous types de biens, nos conseillers immobiliers mettent leur professionnalisme au service d'une clientèl…",
06 85 02 88 22,SIREN : 488783416,"3G IMMO est un réseau national constitué de + de 650 mandataires immobiliers expérimentés. Spécialistes de la transaction de tous types de biens, nos conseillers immobiliers mettent leur professionnalisme au service d'une clientèl…",
06 82 77 18 47,SIREN : 539314559,"3G IMMO est un réseau national constitué de + de 650 mandataires immobiliers expérimentés. Spécialistes de la transaction de tous types de biens, nos conseillers immobiliers mettent leur professionnalisme au service d'une clientèl…",
06 15 33 43 09,SIREN : 824658561,"3G IMMO est un réseau national constitué de + de 650 mandataires immobiliers expérimentés. Spécialistes de la transaction de tous types de biens, nos conseillers immobiliers mettent leur professionnalisme au service d'une clientèl…",
06 09 43 65 79,SIREN : 409554425,"3G IMMO est un réseau national constitué de + de 650 mandataires immobiliers expérimentés. Spécialistes de la transaction de tous types de biens, nos conseillers immobiliers mettent leur professionnalisme au service d'une clientèl…",
06 61 84 33 52,SIREN : 483339750,"3G IMMO est un réseau national constitué de + de 650 mandataires immobiliers expérimentés. Spécialistes de la transaction de tous types de biens, nos conseillers immobiliers mettent leur professionnalisme au service d'une clientèl…",
Le numéro de téléphone n’est pas disponible,SIREN : 492342647,"3G IMMO est un réseau national constitué de + de 650 mandataires immobiliers expérimentés. Spécialistes de la transaction de tous types de biens, nos conseillers immobiliers mettent leur professionnalisme au service d'une clientèl…",
Le numéro de téléphone n’est pas disponible,SIREN : 478266349,"3G IMMO est un réseau national constitué de + de 650 mandataires immobiliers expérimentés. Spécialistes de la transaction de tous types de biens, nos conseillers immobiliers mettent leur professionnalisme au service d'une clientèl…",
Le numéro de téléphone n’est pas disponible,SIREN : 753714542,"3G IMMO est un réseau national constitué de + de 650 mandataires immobiliers expérimentés. Spécialistes de la transaction de tous types de biens, nos conseillers immobiliers mettent leur professionnalisme au service d'une clientèl…",
Le numéro de téléphone n’est pas disponible,SIREN : 433435302,"3G IMMO est un réseau national constitué de + de 650 mandataires immobiliers expérimentés. Spécialistes de la transaction de tous types de biens, nos conseillers immobiliers mettent leur professionnalisme au service d'une clientèl…",
06 28 32 85 90,SIREN : 800209504,"3G IMMO est un réseau national constitué de + de 650 mandataires immobiliers expérimentés. Spécialistes de la transaction de tous types de biens, nos conseillers immobiliers mettent leur professionnalisme au service d'une clientèl…",
06 64 27 56 65,SIREN : 788814739,"3G IMMO est un réseau national constitué de + de 650 mandataires immobiliers expérimentés. Spécialistes de la transaction de tous types de biens, nos conseillers immobiliers mettent leur professionnalisme au service d'une clientèl…",
06 82 91 47 73,SIREN : 539474999,"3G IMMO est un réseau national constitué de + de 650 mandataires immobiliers expérimentés. Spécialistes de la transaction de tous types de biens, nos conseillers immobiliers mettent leur professionnalisme au service d'une clientèl…",
06 70 75 91 73,SIREN : 820955904,"Bienvenue chez Céline et Christophe 3GIMMO !
Nous sommes Céline et Christophe, experts passionnés dans la transaction de tous types de biens immobiliers. Avec plus de 15 ans d'expérience, nous mettons l'écoute et la satisfaction d…",
06 60 92 33 36,SIREN : 822330833,"3G IMMO est un réseau national constitué de + de 650 mandataires immobiliers expérimentés. Spécialistes de la transaction de tous types de biens, nos conseillers immobiliers mettent leur professionnalisme au service d'une clientèl…",
Le numéro de téléphone n’est pas disponible,SIREN : 523336055,"3G IMMO est un réseau national constitué de + de 650 mandataires immobiliers expérimentés. Spécialistes de la transaction de tous types de biens, nos conseillers immobiliers mettent leur professionnalisme au service d'une clientèl…",
Le numéro de téléphone n’est pas disponible,SIREN : 841739873,"3G IMMO est un réseau national constitué de + de 650 mandataires immobiliers expérimentés. Spécialistes de la transaction de tous types de biens, nos conseillers immobiliers mettent leur professionnalisme au service d'une clientèl…",
Le numéro de téléphone n’est pas disponible,SIREN : 751010356,"Agent mandataire depuis 9 ans sur le secteur, l'immobilier me passionne. 
Issue d'une formation BTS Professions Immobilières, je propose mes services en Transactions et Locations. 
Une connaissance parfaite du secteur permet de vo…",
Le numéro de téléphone n’est pas disponible,SIREN : 484532908,"3G IMMO est un réseau national constitué de + de 650 mandataires immobiliers expérimentés. Spécialistes de la transaction de tous types de biens, nos conseillers immobiliers mettent leur professionnalisme au service d'une clientèl…",
06 22 56 48 76,SIREN : 532106515,"3G IMMO est un réseau national constitué de + de 650 mandataires immobiliers expérimentés. Spécialistes de la transaction de tous types de biens, nos conseillers immobiliers mettent leur professionnalisme au service d'une clientèl…",
06 08 57 99 80,SIREN : 398538991,"3G IMMO est un réseau national constitué de + de 650 mandataires immobiliers expérimentés. Spécialistes de la transaction de tous types de biens, nos conseillers immobiliers mettent leur professionnalisme au service d'une clientèl…",
06 33 25 34 32,SIREN : 518881412,"3G IMMO est un réseau national constitué de + de 650 mandataires immobiliers expérimentés. Spécialistes de la transaction de tous types de biens, nos conseillers immobiliers mettent leur professionnalisme au service d'une clientèl…",
06 28 32 01 62,SIREN : 500588629,"EXPERT VIAGER & NUE-PROPRIÉTÉ pour la région Corse depuis 2018, dans l'immobilier depuis 2007 et installé sur l'île de beauté depuis plus de 25 ans, j'aurai plaisir à vous accompagner à la réalisation de votre projet de vente et d…",
06 73 87 28 91,SIREN : 511740367,"3G IMMO est un réseau national constitué de + de 650 mandataires immobiliers expérimentés. Spécialistes de la transaction de tous types de biens, nos conseillers immobiliers mettent leur professionnalisme au service d'une clientèl…",
Le numéro de téléphone n’est pas disponible,SIREN : 818042756,"3G IMMO est un réseau national constitué de + de 650 mandataires immobiliers expérimentés. Spécialistes de la transaction de tous types de biens, nos conseillers immobiliers mettent leur professionnalisme au service d'une clientèl…",
Le numéro de téléphone n’est pas disponible,SIREN : 491726915,"3G IMMO est un réseau national constitué de + de 650 mandataires immobiliers expérimentés. Spécialistes de la transaction de tous types de biens, nos conseillers immobiliers mettent leur professionnalisme au service d'une clientèl…",
Le numéro de téléphone n’est pas disponible,SIREN : 491726915,"3G IMMO-CONSULTANT est un réseau national constitué de + de 
500 mandataires immobiliers expérimentés.

Spécialistes de la transaction de tous types de biens, nos 
conseillers immobiliers mettent leur professionnalisme au 
service…",
Le numéro de téléphone n’est pas disponible,SIREN : 528476211,"Sarthoise d’adoption, j’apporte, depuis 2010, mes services pour les ventes de vos biens immobiliers.  

Je travaille dans notre belle Sarthe, que j’aime et que je connais bien et plus particulièrement autour de chez moi, entre Spa…",
06 14 47 31 33,SIREN : 501162143,"3G IMMO est un réseau national constitué de + de 650 mandataires immobiliers expérimentés. Spécialistes de la transaction de tous types de biens, nos conseillers immobiliers mettent leur professionnalisme au service d'une clientèl…",
06 26 04 83 74,SIREN : 809656549,"3G IMMO est un réseau national constitué de + de 650 mandataires immobiliers expérimentés. Spécialistes de la transaction de tous types de biens, nos conseillers immobiliers mettent leur professionnalisme au service d'une clientèl…",
06 89 63 46 68,SIREN : 504511247,"3G IMMO est un réseau national constitué de + de 650 mandataires immobiliers expérimentés. Spécialistes de la transaction de tous types de biens, nos conseillers immobiliers mettent leur professionnalisme au service d'une clientèl…",
06 61 02 09 99,SIREN : 537568271,"L'immobilier nous rassemble, l'humain nous relie. 3G IMMO est un réseau national constitué de + de 650 mandataires immobiliers expérimentés. Spécialistes de la transaction de tous types de biens, nos conseillers immobiliers metten…",
06 07 38 84 94,SIREN : 341897064,"3G IMMO est un réseau national constitué de + de 650 mandataires immobiliers expérimentés. Spécialistes de la transaction de tous types de biens, nos conseillers immobiliers mettent leur professionnalisme au service d'une clientèl…",
Le numéro de téléphone n’est pas disponible,SIREN : 828892133,"3G IMMO est un réseau national constitué de + de 650 mandataires immobiliers expérimentés. Spécialistes de la transaction de tous types de biens, nos conseillers immobiliers mettent leur professionnalisme au service d'une clientèl…",
Le numéro de téléphone n’est pas disponible,SIREN : 492280409,"Vous souhaitez acheter ou vendre un bien immobilier à proximité de Saint-Héand? Je suis à votre disposition et à votre écoute pour concrétiser rapidement ce projet de vie.

Les plus du réseau 3G immobilier :

- Compromis/promesse …",
Le numéro de téléphone n’est pas disponible,SIREN : 312920754,"3G IMMO est un réseau national constitué de + de 650 mandataires immobiliers expérimentés. Spécialistes de la transaction de tous types de biens, nos conseillers immobiliers mettent leur professionnalisme au service d'une clientèl…",
Le numéro de téléphone n’est pas disponible,SIREN : 789900669,"3G IMMO est un réseau national constitué de + de 650 mandataires immobiliers expérimentés. Spécialistes de la transaction de tous types de biens, nos conseillers immobiliers mettent leur professionnalisme au service d'une clientèl…",
06 08 31 60 28,SIREN : 344968441,"3G IMMO est un réseau national constitué de + de 650 mandataires immobiliers expérimentés. Spécialistes de la transaction de tous types de biens, nos conseillers immobiliers mettent leur professionnalisme au service d'une clientèl…",
06 24 97 39 59,SIREN : 513235853,"3G IMMO est un réseau national constitué de + de 650 mandataires immobiliers expérimentés. Spécialistes de la transaction de tous types de biens, nos conseillers immobiliers mettent leur professionnalisme au service d'une clientèl…",
06 60 27 63 18,SIREN : 324069756,"3G IMMO est un réseau national constitué de + de 650 mandataires immobiliers expérimentés. Spécialistes de la transaction de tous types de biens, nos conseillers immobiliers mettent leur professionnalisme au service d'une clientèl…",
06 13 69 61 49,SIREN : 490349941,"3G IMMO est un réseau national constitué de + de 650 mandataires immobiliers expérimentés. Spécialistes de la transaction de tous types de biens, nos conseillers immobiliers mettent leur professionnalisme au service d'une clientèl…",
07 82 58 08 46,SIREN : 483683652,"3G IMMO est un réseau national constitué de + de 650 mandataires immobiliers expérimentés. Spécialistes de la transaction de tous types de biens, nos conseillers immobiliers mettent leur professionnalisme au service d'une clientèl…",
Le numéro de téléphone n’est pas disponible,SIREN : 492078407,"3G IMMO est un réseau national constitué de + de 650 mandataires immobiliers expérimentés. Spécialistes de la transaction de tous types de biens, nos conseillers immobiliers mettent leur professionnalisme au service d'une clientèl…",
Le numéro de téléphone n’est pas disponible,SIREN : 503835993,"3G IMMO est un réseau national constitué de + de 650 mandataires immobiliers expérimentés. Spécialistes de la transaction de tous types de biens, nos conseillers immobiliers mettent leur professionnalisme au service d'une clientèl…",
Le numéro de téléphone n’est pas disponible,SIREN : 533674628,"3G IMMO est un réseau national constitué de + de 650 mandataires immobiliers expérimentés. Spécialistes de la transaction de tous types de biens, nos conseillers immobiliers mettent leur professionnalisme au service d'une clientèl…",
Le numéro de téléphone n’est pas disponible,SIREN : 809615339,"3G IMMO est un réseau national constitué de + de 650 mandataires immobiliers expérimentés. Spécialistes de la transaction de tous types de biens, nos conseillers immobiliers mettent leur professionnalisme au service d'une clientèl…",
06 66 62 44 09,SIREN : 348099888,"3G IMMO est un réseau national constitué de + de 650 mandataires immobiliers expérimentés. Spécialistes de la transaction de tous types de biens, nos conseillers immobiliers mettent leur professionnalisme au service d'une clientèl…",
06 25 43 05 00,SIREN : 500251871,"3G IMMO est un réseau national constitué de + de 650 mandataires immobiliers expérimentés. Spécialistes de la transaction de tous types de biens, nos conseillers immobiliers mettent leur professionnalisme au service d'une clientèl…",
06 60 17 13 39,SIREN : 401768270,"Native de Sanary sur mer , en 2004 , alors que tout me prédestinait à une carrière dans le monde du spectacle , également passionnée d’immobilier et d’architecture , autodidacte et dotée d’une sensibilité particulière , j’ai toujo…",
06 98 92 60 92,SIREN : 513333518,"3G IMMO est un réseau national constitué de + de 650 mandataires immobiliers expérimentés. Spécialistes de la transaction de tous types de biens, nos conseillers immobiliers mettent leur professionnalisme au service d'une clientèl…",
06 10 16 80 44,SIREN : 751961723,"3G IMMO est un réseau national constitué de + de 650 mandataires immobiliers expérimentés. Spécialistes de la transaction de tous types de biens, nos conseillers immobiliers mettent leur professionnalisme au service d'une clientèl…",
Le numéro de téléphone n’est pas disponible,SIREN : 488442559,"3G IMMO est un réseau national constitué de + de 650 mandataires immobiliers expérimentés. Spécialistes de la transaction de tous types de biens, nos conseillers immobiliers mettent leur professionnalisme au service d'une clientèl…",
Le numéro de téléphone n’est pas disponible,SIREN : 794702407,"3G IMMO est un réseau national constitué de + de 650 mandataires immobiliers expérimentés. Spécialistes de la transaction de tous types de biens, nos conseillers immobiliers mettent leur professionnalisme au service d'une clientèl…",
Le numéro de téléphone n’est pas disponible,SIREN : 503558470,"3G IMMO est un réseau national constitué de + de 650 mandataires immobiliers expérimentés. Spécialistes de la transaction de tous types de biens, nos conseillers immobiliers mettent leur professionnalisme au service d'une clientèl…",
Le numéro de téléphone n’est pas disponible,SIREN : 337807275,"3G IMMO est un réseau national constitué de + de 650 mandataires immobiliers expérimentés. Spécialistes de la transaction de tous types de biens, nos conseillers immobiliers mettent leur professionnalisme au service d'une clientèl…",
06 61 82 03 68,SIREN : 493981492,"3G IMMO est un réseau national constitué de + de 650 mandataires immobiliers expérimentés. Spécialistes de la transaction de tous types de biens, nos conseillers immobiliers mettent leur professionnalisme au service d'une clientèl…",
06 11 68 18 92,SIREN : 804100592,"3G IMMO est un réseau national constitué de + de 650 mandataires immobiliers expérimentés. Spécialistes de la transaction de tous types de biens, nos conseillers immobiliers mettent leur professionnalisme au service d'une clientèl…",
06 74 16 82 78,SIREN : 797620325,"3G IMMO est un réseau national constitué de + de 650 mandataires immobiliers expérimentés. Spécialistes de la transaction de tous types de biens, nos conseillers immobiliers mettent leur professionnalisme au service d'une clientèl…",
06 23 51 05 74,SIREN : 791005580,"3G IMMO est un réseau national constitué de + de 650 mandataires immobiliers expérimentés. Spécialistes de la transaction de tous types de biens, nos conseillers immobiliers mettent leur professionnalisme au service d'une clientèl…",
06 27 38 84 25,SIREN : 512723842,"3G IMMO est un réseau national constitué de + de 650 mandataires immobiliers expérimentés. Spécialistes de la transaction de tous types de biens, nos conseillers immobiliers mettent leur professionnalisme au service d'une clientèl…",
Le numéro de téléphone n’est pas disponible,SIREN : 804591337,"3G IMMO est un réseau national constitué de + de 650 mandataires immobiliers expérimentés. Spécialistes de la transaction de tous types de biens, nos conseillers immobiliers mettent leur professionnalisme au service d'une clientèl…",
Le numéro de téléphone n’est pas disponible,SIREN : 381125426,"3G IMMO est un réseau national constitué de + de 650 mandataires immobiliers expérimentés. Spécialistes de la transaction de tous types de biens, nos conseillers immobiliers mettent leur professionnalisme au service d'une clientèl…",
Le numéro de téléphone n’est pas disponible,SIREN : 434832549,"3G IMMO est un réseau national constitué de + de 650 mandataires immobiliers expérimentés. Spécialistes de la transaction de tous types de biens, nos conseillers immobiliers mettent leur professionnalisme au service d'une clientèl…",
Le numéro de téléphone n’est pas disponible,SIREN : 832040943,"3G IMMO est un réseau national constitué de + de 650 mandataires immobiliers expérimentés. Spécialistes de la transaction de tous types de biens, nos conseillers immobiliers mettent leur professionnalisme au service d'une clientèl…",
06 83 00 47 29,SIREN : 821257573,"3G IMMO est un réseau national constitué de + de 650 mandataires immobiliers expérimentés. Spécialistes de la transaction de tous types de biens, nos conseillers immobiliers mettent leur professionnalisme au service d'une clientèl…",
06 88 78 96 35,SIREN : 435172937,"3G IMMO est un réseau national constitué de + de 650 mandataires immobiliers expérimentés. Spécialistes de la transaction de tous types de biens, nos conseillers immobiliers mettent leur professionnalisme au service d'une clientèl…",
06 31 17 75 69,SIREN : 513813410,"3G IMMO est un réseau national constitué de + de 650 mandataires immobiliers expérimentés. Spécialistes de la transaction de tous types de biens, nos conseillers immobiliers mettent leur professionnalisme au service d'une clientèl…",
06 76 53 44 62,SIREN : 843122862,"3G IMMO est un réseau national constitué de + de 650 mandataires immobiliers expérimentés. Spécialistes de la transaction de tous types de biens, nos conseillers immobiliers mettent leur professionnalisme au service d'une clientèl…",
06 74 24 21 14,SIREN : 529623076,"Originaire de Saint-Jean de Luz et habitant à Pau, dans le quartier de l'Hippodrome, depuis 2002, je suis Conseillère en Immobilier depuis 2011 sur l'agglomération paloise et la côte basque. Je suis avant tout une Accompagnatrice …",
Le numéro de téléphone n’est pas disponible,SIREN : 828589895,"3G IMMO est un réseau national constitué de + de 650 mandataires immobiliers expérimentés. Spécialistes de la transaction de tous types de biens, nos conseillers immobiliers mettent leur professionnalisme au service d'une clientèl…",
Le numéro de téléphone n’est pas disponible,SIREN : 414971259,"3G IMMO est un réseau national constitué de + de 650 mandataires immobiliers expérimentés. Spécialistes de la transaction de tous types de biens, nos conseillers immobiliers mettent leur professionnalisme au service d'une clientèl…",
Le numéro de téléphone n’est pas disponible,SIREN : 517593190,"Intervenant de localité Clermontoise, mandataire indépendant au sein de 3G Immo-consultant, offrant une relation de proximité alliée aux compétences et à la force d'un Réseau avec une visibilité national.
Je ne travaille qu'avec u…",
Le numéro de téléphone n’est pas disponible,SIREN : 499684843,"3G IMMO est un réseau national constitué de + de 650 mandataires immobiliers expérimentés. Spécialistes de la transaction de tous types de biens, nos conseillers immobiliers mettent leur professionnalisme au service d'une clientèl…",
06 50 04 92 10,SIREN : 803990787,"3G IMMO est un réseau national constitué de + de 650 mandataires immobiliers expérimentés. Spécialistes de la transaction de tous types de biens, nos conseillers immobiliers mettent leur professionnalisme au service d'une clientèl…",
66 96 77 08 68,SIREN : 432486744,"3G IMMO est un réseau national constitué de + de 650 mandataires immobiliers expérimentés. Spécialistes de la transaction de tous types de biens, nos conseillers immobiliers mettent leur professionnalisme au service d'une clientèl…",
06 08 61 64 71,SIREN : 378445506,"3G IMMO est un réseau national constitué de + de 650 mandataires immobiliers expérimentés. Spécialistes de la transaction de tous types de biens, nos conseillers immobiliers mettent leur professionnalisme au service d'une clientèl…",
06 40 29 93 00,SIREN : 494202047,"3G IMMO est un réseau national constitué de + de 650 mandataires immobiliers expérimentés. Spécialistes de la transaction de tous types de biens, nos conseillers immobiliers mettent leur professionnalisme au service d'une clientèl…",
06 03 59 07 70,SIREN : 792919953,"3G IMMO est un réseau national constitué de + de 650 mandataires immobiliers expérimentés. Spécialistes de la transaction de tous types de biens, nos conseillers immobiliers mettent leur professionnalisme au service d'une clientèl…",
Le numéro de téléphone n’est pas disponible,SIREN : 427857883,"3G IMMO est un réseau national constitué de + de 650 mandataires immobiliers expérimentés. Spécialistes de la transaction de tous types de biens, nos conseillers immobiliers mettent leur professionnalisme au service d'une clientèl…",
Le numéro de téléphone n’est pas disponible,SIREN : 399119262,"3G IMMO est un réseau national constitué de + de 650 mandataires immobiliers expérimentés. Spécialistes de la transaction de tous types de biens, nos conseillers immobiliers mettent leur professionnalisme au service d'une clientèl…",
Le numéro de téléphone n’est pas disponible,SIREN : 789731379,"3G IMMO est un réseau national constitué de + de 650 mandataires immobiliers expérimentés. Spécialistes de la transaction de tous types de biens, nos conseillers immobiliers mettent leur professionnalisme au service d'une clientèl…",
Le numéro de téléphone n’est pas disponible,SIREN : 413184953,"3G IMMO est un réseau national constitué de + de 650 mandataires immobiliers expérimentés. Spécialistes de la transaction de tous types de biens, nos conseillers immobiliers mettent leur professionnalisme au service d'une clientèl…",
06 51 06 73 52,SIREN : 753017987,"3G IMMO est un réseau national constitué de + de 650 mandataires immobiliers expérimentés. Spécialistes de la transaction de tous types de biens, nos conseillers immobiliers mettent leur professionnalisme au service d'une clientèl…",
66 96 74 39 14,SIREN : 453410094,"3G IMMO est un réseau national constitué de + de 650 mandataires immobiliers expérimentés. Spécialistes de la transaction de tous types de biens, nos conseillers immobiliers mettent leur professionnalisme au service d'une clientèl…",
06 07 45 02 42,SIREN : 435354683,"3G IMMO est un réseau national constitué de + de 650 mandataires immobiliers expérimentés. Spécialistes de la transaction de tous types de biens, nos conseillers immobiliers mettent leur professionnalisme au service d'une clientèl…",
06 74 94 15 75,SIREN : 438358160,"3G IMMO est un réseau national constitué de + de 650 mandataires immobiliers expérimentés. Spécialistes de la transaction de tous types de biens, nos conseillers immobiliers mettent leur professionnalisme au service d'une clientèl…",
06 87 32 37 73,SIREN : 539898213,"3G IMMO est un réseau national constitué de + de 650 mandataires immobiliers expérimentés. Spécialistes de la transaction de tous types de biens, nos conseillers immobiliers mettent leur professionnalisme au service d'une clientèl…",
Le numéro de téléphone n’est pas disponible,SIREN : 794139220,"Bienvenue ! 

Je suis votre conseillère immobilier exerçant sur le secteur de Bayonne Anglet Biarritz et les communes avoisinantes depuis plus de 11 ans ! Vivant à Ondres, mon champ d'intervention s'étend plus largement à la côte …",
Le numéro de téléphone n’est pas disponible,SIREN : 531946804,"3G IMMO est un réseau national constitué de + de 650 mandataires immobiliers expérimentés. Spécialistes de la transaction de tous types de biens, nos conseillers immobiliers mettent leur professionnalisme au service d'une clientèl…",
Le numéro de téléphone n’est pas disponible,SIREN : 414030262,"3G IMMO est un réseau national constitué de + de 650 mandataires immobiliers expérimentés. Spécialistes de la transaction de tous types de biens, nos conseillers immobiliers mettent leur professionnalisme au service d'une clientèl…",
06 62 73 20 83,SIREN : 523253896,"3G IMMO est un réseau national constitué de + de 650 mandataires immobiliers expérimentés. Spécialistes de la transaction de tous types de biens, nos conseillers immobiliers mettent leur professionnalisme au service d'une clientèl…",
06 64 50 67 75,SIREN : 502387384,"3G IMMO est un réseau national constitué de + de 650 mandataires immobiliers expérimentés. Spécialistes de la transaction de tous types de biens, nos conseillers immobiliers mettent leur professionnalisme au service d'une clientèl…",
06 81 86 74 01,SIREN : 484606181,"3G IMMO est un réseau national constitué de + de 650 mandataires immobiliers expérimentés. Spécialistes de la transaction de tous types de biens, nos conseillers immobiliers mettent leur professionnalisme au service d'une clientèl…",
06 58 06 29 21,SIREN : 405192428,"3G IMMO est un réseau national constitué de + de 650 mandataires immobiliers expérimentés. Spécialistes de la transaction de tous types de biens, nos conseillers immobiliers mettent leur professionnalisme au service d'une clientèl…",
06 78 99 15 92,SIREN : 505061721,"3G IMMO est un réseau national constitué de + de 650 mandataires immobiliers expérimentés. Spécialistes de la transaction de tous types de biens, nos conseillers immobiliers mettent leur professionnalisme au service d'une clientèl…",
Le numéro de téléphone n’est pas disponible,SIREN : 797567401,"3G IMMO est un réseau national constitué de + de 650 mandataires immobiliers expérimentés. Spécialistes de la transaction de tous types de biens, nos conseillers immobiliers mettent leur professionnalisme au service d'une clientèl…",
Le numéro de téléphone n’est pas disponible,SIREN : 833366503,"3G IMMO est un réseau national constitué de + de 650 mandataires immobiliers expérimentés. Spécialistes de la transaction de tous types de biens, nos conseillers immobiliers mettent leur professionnalisme au service d'une clientèl…",
Le numéro de téléphone n’est pas disponible,SIREN : 789706314,"3G IMMO est un réseau national constitué de + de 650 mandataires immobiliers expérimentés. Spécialistes de la transaction de tous types de biens, nos conseillers immobiliers mettent leur professionnalisme au service d'une clientèl…",
Le numéro de téléphone n’est pas disponible,SIREN : 404860629,"3G IMMO est un réseau national constitué de + de 650 mandataires immobiliers expérimentés. Spécialistes de la transaction de tous types de biens, nos conseillers immobiliers mettent leur professionnalisme au service d'une clientèl…",
06 85 41 35 64,SIREN : 494729544,"3G IMMO est un réseau national constitué de + de 650 mandataires immobiliers expérimentés. Spécialistes de la transaction de tous types de biens, nos conseillers immobiliers mettent leur professionnalisme au service d'une clientèl…",
06 68 94 15 16,SIREN : 479128084,"3G IMMO est un réseau national constitué de + de 650 mandataires immobiliers expérimentés. Spécialistes de la transaction de tous types de biens, nos conseillers immobiliers mettent leur professionnalisme au service d'une clientèl…",
06 21 93 32 56,SIREN : 824014880,"3G IMMO est un réseau national constitué de + de 650 mandataires immobiliers expérimentés. Spécialistes de la transaction de tous types de biens, nos conseillers immobiliers mettent leur professionnalisme au service d'une clientèl…",
06 03 26 07 54,SIREN : 823050760,"3G IMMO est un réseau national constitué de + de 650 mandataires immobiliers expérimentés. Spécialistes de la transaction de tous types de biens, nos conseillers immobiliers mettent leur professionnalisme au service d'une clientèl…",
06 72 71 72 35,SIREN : 445172190,"3G IMMO est un réseau national constitué de + de 650 mandataires immobiliers expérimentés. Spécialistes de la transaction de tous types de biens, nos conseillers immobiliers mettent leur professionnalisme au service d'une clientèl…",
Le numéro de téléphone n’est pas disponible,SIREN : 530341478,"3G IMMO est un réseau national constitué de + de 650 mandataires immobiliers expérimentés. Spécialistes de la transaction de tous types de biens, nos conseillers immobiliers mettent leur professionnalisme au service d'une clientèl…",
Le numéro de téléphone n’est pas disponible,SIREN : 520031402,"3G IMMO est un réseau national constitué de + de 650 mandataires immobiliers expérimentés. Spécialistes de la transaction de tous types de biens, nos conseillers immobiliers mettent leur professionnalisme au service d'une clientèl…",
Le numéro de téléphone n’est pas disponible,SIREN : 830705497,"3G IMMO est un réseau national constitué de + de 650 mandataires immobiliers expérimentés. Spécialistes de la transaction de tous types de biens, nos conseillers immobiliers mettent leur professionnalisme au service d'une clientèl…",
Le numéro de téléphone n’est pas disponible,SIREN : 385408109,"3G IMMO est un réseau national constitué de + de 650 mandataires immobiliers expérimentés. Spécialistes de la transaction de tous types de biens, nos conseillers immobiliers mettent leur professionnalisme au service d'une clientèl…",
06 74 82 38 67,SIREN : 788884880,"3G IMMO est un réseau national constitué de + de 650 mandataires immobiliers expérimentés. Spécialistes de la transaction de tous types de biens, nos conseillers immobiliers mettent leur professionnalisme au service d'une clientèl…",
06 08 12 38 38,SIREN : 423232388,"3G IMMO est un réseau national constitué de + de 650 mandataires immobiliers expérimentés. Spécialistes de la transaction de tous types de biens, nos conseillers immobiliers mettent leur professionnalisme au service d'une clientèl…",
06 69 37 80 90,SIREN : 328394382,"3G IMMO est un réseau national constitué de + de 650 mandataires immobiliers expérimentés. Spécialistes de la transaction de tous types de biens, nos conseillers immobiliers mettent leur professionnalisme au service d'une clientèl…",
06 23 79 05 24,SIREN : 828432724,"3G IMMO est un réseau national constitué de + de 650 mandataires immobiliers expérimentés. Spécialistes de la transaction de tous types de biens, nos conseillers immobiliers mettent leur professionnalisme au service d'une clientèl…",
06 49 63 06 51,SIREN : 481379154,"3G IMMO est un réseau national constitué de + de 650 mandataires immobiliers expérimentés. Spécialistes de la transaction de tous types de biens, nos conseillers immobiliers mettent leur professionnalisme au service d'une clientèl…",
Le numéro de téléphone n’est pas disponible,SIREN : 490300472,"3G IMMO est un réseau national constitué de + de 650 mandataires immobiliers expérimentés. Spécialistes de la transaction de tous types de biens, nos conseillers immobiliers mettent leur professionnalisme au service d'une clientèl…",
Le numéro de téléphone n’est pas disponible,SIREN : 379747900,"3G IMMO est un réseau national constitué de + de 650 mandataires immobiliers expérimentés. Spécialistes de la transaction de tous types de biens, nos conseillers immobiliers mettent leur professionnalisme au service d'une clientèl…",
Le numéro de téléphone n’est pas disponible,SIREN : 802919472,"3G IMMO est un réseau national constitué de + de 650 mandataires immobiliers expérimentés. Spécialistes de la transaction de tous types de biens, nos conseillers immobiliers mettent leur professionnalisme au service d'une clientèl…",
Le numéro de téléphone n’est pas disponible,SIREN : 519610984,"3G IMMO est un réseau national constitué de + de 650 mandataires immobiliers expérimentés. Spécialistes de la transaction de tous types de biens, nos conseillers immobiliers mettent leur professionnalisme au service d'une clientèl…",
06 65 49 89 88,SIREN : 534828033,"3G IMMO est un réseau national constitué de + de 650 mandataires immobiliers expérimentés. Spécialistes de la transaction de tous types de biens, nos conseillers immobiliers mettent leur professionnalisme au service d'une clientèl…",
06 11 91 15 35,SIREN : 391050788,"3G IMMO est un réseau national constitué de + de 650 mandataires immobiliers expérimentés. Spécialistes de la transaction de tous types de biens, nos conseillers immobiliers mettent leur professionnalisme au service d'une clientèl…",
06 83 13 27 49,SIREN : 803100619,"3G IMMO est un réseau national constitué de + de 650 mandataires immobiliers expérimentés. Spécialistes de la transaction de tous types de biens, nos conseillers immobiliers mettent leur professionnalisme au service d'une clientèl…",
06 09 47 47 91,SIREN : 733670384,"3G IMMO est un réseau national constitué de + de 650 mandataires immobiliers expérimentés. Spécialistes de la transaction de tous types de biens, nos conseillers immobiliers mettent leur professionnalisme au service d'une clientèl…",
06 67 59 20 21,SIREN : 510154420,"Voilà presque 20 ans que je mets, mon expérience et mon expertise au service de mes clients en recherches de réponses modernes, en adéquation avec leurs besoins singuliers. 
C’est sur la base de ces valeurs et raisons, que j’ai dé…",
Le numéro de téléphone n’est pas disponible,SIREN : 343533287,"3G IMMO est un réseau national constitué de + de 650 mandataires immobiliers expérimentés. Spécialistes de la transaction de tous types de biens, nos conseillers immobiliers mettent leur professionnalisme au service d'une clientèl…",
Le numéro de téléphone n’est pas disponible,SIREN : 518104997,"3G IMMO est un réseau national constitué de + de 650 mandataires immobiliers expérimentés. Spécialistes de la transaction de tous types de biens, nos conseillers immobiliers mettent leur professionnalisme au service d'une clientèl…",
Le numéro de téléphone n’est pas disponible,SIREN : 424738177,"3G IMMO est un réseau national constitué de + de 650 mandataires immobiliers expérimentés. Spécialistes de la transaction de tous types de biens, nos conseillers immobiliers mettent leur professionnalisme au service d'une clientèl…",
Le numéro de téléphone n’est pas disponible,SIREN : 505240309,"3G IMMO est un réseau national constitué de + de 650 mandataires immobiliers expérimentés. Spécialistes de la transaction de tous types de biens, nos conseillers immobiliers mettent leur professionnalisme au service d'une clientèl…",
06 71 42 23 12,SIREN : 498465467,"3G IMMO est un réseau national constitué de + de 650 mandataires immobiliers expérimentés. Spécialistes de la transaction de tous types de biens, nos conseillers immobiliers mettent leur professionnalisme au service d'une clientèl…",
06 65 54 52 99,SIREN : 477520274,"3G IMMO est un réseau national constitué de + de 650 mandataires immobiliers expérimentés. Spécialistes de la transaction de tous types de biens, nos conseillers immobiliers mettent leur professionnalisme au service d'une clientèl…",
06 48 14 09 12,SIREN : 822702387,"3G IMMO est un réseau national constitué de + de 650 mandataires immobiliers expérimentés. Spécialistes de la transaction de tous types de biens, nos conseillers immobiliers mettent leur professionnalisme au service d'une clientèl…",
07 61 55 23 05,SIREN : 530852730,"3G IMMO est un réseau national constitué de + de 650 mandataires immobiliers expérimentés. Spécialistes de la transaction de tous types de biens, nos conseillers immobiliers mettent leur professionnalisme au service d'une clientèl…",
06 09 92 11 53,SIREN : 519106579,"3G IMMO est un réseau national constitué de + de 650 mandataires immobiliers expérimentés. Spécialistes de la transaction de tous types de biens, nos conseillers immobiliers mettent leur professionnalisme au service d'une clientèl…",
Le numéro de téléphone n’est pas disponible,SIREN : 435276746,"3G IMMO est un réseau national constitué de + de 650 mandataires immobiliers expérimentés. Spécialistes de la transaction de tous types de biens, nos conseillers immobiliers mettent leur professionnalisme au service d'une clientèl…",
Le numéro de téléphone n’est pas disponible,SIREN : 437645054,"3G IMMO est un réseau national constitué de + de 650 mandataires immobiliers expérimentés. Spécialistes de la transaction de tous types de biens, nos conseillers immobiliers mettent leur professionnalisme au service d'une clientèl…",
Le numéro de téléphone n’est pas disponible,SIREN : 507877918,"3G IMMO est un réseau national constitué de + de 650 mandataires immobiliers expérimentés. Spécialistes de la transaction de tous types de biens, nos conseillers immobiliers mettent leur professionnalisme au service d'une clientèl…",
Le numéro de téléphone n’est pas disponible,SIREN : 419968094,"Je suis ravi de vous accueillir sur mon espace, celui-ci vous est dédié.
Je vous accompagne autant sur votre envie d'acquérir que sur votre besoin de vendre. Mes 28 années d'expériences dans ce métier et sur cette région servent à…",
06 30 44 22 67,SIREN : 450357538,"3G IMMO est un réseau national constitué de + de 650 mandataires immobiliers expérimentés. Spécialistes de la transaction de tous types de biens, nos conseillers immobiliers mettent leur professionnalisme au service d'une clientèl…",
06 84 47 40 23,SIREN : 823265459,"3G IMMO est un réseau national constitué de + de 650 mandataires immobiliers expérimentés. Spécialistes de la transaction de tous types de biens, nos conseillers immobiliers mettent leur professionnalisme au service d'une clientèl…",
06 99 98 68 69,SIREN : 483262200,"Bonjour.

Natif d'Orléans et agent immobilier depuis 20 ans sur l'agglomération Orléanaise. J'exerce ce métier avec passion et vous offre mon expertise dans vos projets immobilier. 
Concernant le groupe 3G IMMO il s'agit d'un rése…",
06 17 34 95 77,SIREN : 503733792,"3G IMMO est un réseau national constitué de + de 650 mandataires immobiliers expérimentés. Spécialistes de la transaction de tous types de biens, nos conseillers immobiliers mettent leur professionnalisme au service d'une clientèl…",
06 95 63 48 08,SIREN : 837848134,"3G IMMO est un réseau national constitué de + de 650 mandataires immobiliers expérimentés. Spécialistes de la transaction de tous types de biens, nos conseillers immobiliers mettent leur professionnalisme au service d'une clientèl…",
Le numéro de téléphone n’est pas disponible,SIREN : 419046271,"3G IMMO est un réseau national constitué de + de 650 mandataires immobiliers expérimentés. Spécialistes de la transaction de tous types de biens, nos conseillers immobiliers mettent leur professionnalisme au service d'une clientèl…",
Le numéro de téléphone n’est pas disponible,SIREN : 339758344,"3G IMMO est un réseau national constitué de + de 650 mandataires immobiliers expérimentés. Spécialistes de la transaction de tous types de biens, nos conseillers immobiliers mettent leur professionnalisme au service d'une clientèl…",
Le numéro de téléphone n’est pas disponible,SIREN : 513091504,"3G IMMO est un réseau national constitué de + de 650 mandataires immobiliers expérimentés. Spécialistes de la transaction de tous types de biens, nos conseillers immobiliers mettent leur professionnalisme au service d'une clientèl…",
Le numéro de téléphone n’est pas disponible,SIREN : 527958748,"3G IMMO est un réseau national constitué de + de 650 mandataires immobiliers expérimentés. Spécialistes de la transaction de tous types de biens, nos conseillers immobiliers mettent leur professionnalisme au service d'une clientèl…",
06 82 36 05 74,SIREN : 447645136,"3G IMMO est un réseau national constitué de + de 650 mandataires immobiliers expérimentés. Spécialistes de la transaction de tous types de biens, nos conseillers immobiliers mettent leur professionnalisme au service d'une clientèl…",
06 63 19 89 83,SIREN : 413079310,"3G IMMO est un réseau national constitué de + de 650 mandataires immobiliers expérimentés. Spécialistes de la transaction de tous types de biens, nos conseillers immobiliers mettent leur professionnalisme au service d'une clientèl…",
06 81 86 24 82,SIREN : 320236151,"3G IMMO est un réseau national constitué de + de 650 mandataires immobiliers expérimentés. Spécialistes de la transaction de tous types de biens, nos conseillers immobiliers mettent leur professionnalisme au service d'une clientèl…",
06 13 86 05 05,SIREN : 484785902,"3G IMMO est un réseau national constitué de + de 650 mandataires immobiliers expérimentés. Spécialistes de la transaction de tous types de biens, nos conseillers immobiliers mettent leur professionnalisme au service d'une clientèl…",
06 58 72 19 90,SIREN : 437851207,"3G IMMO est un réseau national constitué de + de 650 mandataires immobiliers expérimentés. Spécialistes de la transaction de tous types de biens, nos conseillers immobiliers mettent leur professionnalisme au service d'une clientèl…",
Le numéro de téléphone n’est pas disponible,SIREN : 323788570,"3G IMMO est un réseau national constitué de + de 650 mandataires immobiliers expérimentés. Spécialistes de la transaction de tous types de biens, nos conseillers immobiliers mettent leur professionnalisme au service d'une clientèl…",
Le numéro de téléphone n’est pas disponible,SIREN : 788964898,"3G IMMO est un réseau national constitué de + de 650 mandataires immobiliers expérimentés. Spécialistes de la transaction de tous types de biens, nos conseillers immobiliers mettent leur professionnalisme au service d'une clientèl…",
Le numéro de téléphone n’est pas disponible,SIREN : 481364529,"3G IMMO est un réseau national constitué de + de 650 mandataires immobiliers expérimentés. Spécialistes de la transaction de tous types de biens, nos conseillers immobiliers mettent leur professionnalisme au service d'une clientèl…",
Le numéro de téléphone n’est pas disponible,SIREN : 481873933,"3G IMMO est un réseau national constitué de + de 650 mandataires immobiliers expérimentés. Spécialistes de la transaction de tous types de biens, nos conseillers immobiliers mettent leur professionnalisme au service d'une clientèl…",
06 11 22 21 32,SIREN : 442190872,"3G IMMO est un réseau national constitué de + de 650 mandataires immobiliers expérimentés. Spécialistes de la transaction de tous types de biens, nos conseillers immobiliers mettent leur professionnalisme au service d'une clientèl…",
06 07 77 82 81,SIREN : 537995821,"3G IMMO est un réseau national constitué de + de 650 mandataires immobiliers expérimentés. Spécialistes de la transaction de tous types de biens, nos conseillers immobiliers mettent leur professionnalisme au service d'une clientèl…",
06 61 78 99 00,SIREN : 348413089,"3G IMMO est un réseau national constitué de + de 650 mandataires immobiliers expérimentés. Spécialistes de la transaction de tous types de biens, nos conseillers immobiliers mettent leur professionnalisme au service d'une clientèl…",
06 50 65 24 00,SIREN : 538676289,"3G IMMO est un réseau national constitué de + de 650 mandataires immobiliers expérimentés. Spécialistes de la transaction de tous types de biens, nos conseillers immobiliers mettent leur professionnalisme au service d'une clientèl…",
06 79 94 51 42,SIREN : 391488681,"3G IMMO est un réseau national constitué de + de 650 mandataires immobiliers expérimentés. Spécialistes de la transaction de tous types de biens, nos conseillers immobiliers mettent leur professionnalisme au service d'une clientèl…",
Le numéro de téléphone n’est pas disponible,SIREN : 809573009,"3G IMMO est un réseau national constitué de + de 650 mandataires immobiliers expérimentés. Spécialistes de la transaction de tous types de biens, nos conseillers immobiliers mettent leur professionnalisme au service d'une clientèl…",
Le numéro de téléphone n’est pas disponible,SIREN : 533047247,"3G IMMO est un réseau national constitué de + de 650 mandataires immobiliers expérimentés. Spécialistes de la transaction de tous types de biens, nos conseillers immobiliers mettent leur professionnalisme au service d'une clientèl…",
Le numéro de téléphone n’est pas disponible,SIREN : 752438275,"3G IMMO est un réseau national constitué de + de 650 mandataires immobiliers expérimentés. Spécialistes de la transaction de tous types de biens, nos conseillers immobiliers mettent leur professionnalisme au service d'une clientèl…",
Le numéro de téléphone n’est pas disponible,SIREN : 528053762,"3G IMMO est un réseau national constitué de + de 650 mandataires immobiliers expérimentés. Spécialistes de la transaction de tous types de biens, nos conseillers immobiliers mettent leur professionnalisme au service d'une clientèl…",
06 21 74 88 21,SIREN : 484692751,"3G IMMO est un réseau national constitué de + de 650 mandataires immobiliers expérimentés. Spécialistes de la transaction de tous types de biens, nos conseillers immobiliers mettent leur professionnalisme au service d'une clientèl…",
06 14 05 18 72,SIREN : 530200237,"3G IMMO est un réseau national constitué de + de 650 mandataires immobiliers expérimentés. Spécialistes de la transaction de tous types de biens, nos conseillers immobiliers mettent leur professionnalisme au service d'une clientèl…",
06 31 62 41 22,SIREN : 483706073,"3G IMMO est un réseau national constitué de + de 650 mandataires immobiliers expérimentés. Spécialistes de la transaction de tous types de biens, nos conseillers immobiliers mettent leur professionnalisme au service d'une clientèl…",
06 26 76 88 10,SIREN : 752906123,"3G IMMO est un réseau national constitué de + de 650 mandataires immobiliers expérimentés. Spécialistes de la transaction de tous types de biens, nos conseillers immobiliers mettent leur professionnalisme au service d'une clientèl…",
07 78 68 02 66,SIREN : 818296758,"3G IMMO est un réseau national constitué de + de 650 mandataires immobiliers expérimentés. Spécialistes de la transaction de tous types de biens, nos conseillers immobiliers mettent leur professionnalisme au service d'une clientèl…",
Le numéro de téléphone n’est pas disponible,SIREN : 501375794,"3G IMMO est un réseau national constitué de + de 650 mandataires immobiliers expérimentés. Spécialistes de la transaction de tous types de biens, nos conseillers immobiliers mettent leur professionnalisme au service d'une clientèl…",
Le numéro de téléphone n’est pas disponible,SIREN : 445003494,"3G IMMO est un réseau national constitué de + de 650 mandataires immobiliers expérimentés. Spécialistes de la transaction de tous types de biens, nos conseillers immobiliers mettent leur professionnalisme au service d'une clientèl…",
Le numéro de téléphone n’est pas disponible,SIREN : 325212199,"3G IMMO est un réseau national constitué de + de 650 mandataires immobiliers expérimentés. Spécialistes de la transaction de tous types de biens, nos conseillers immobiliers mettent leur professionnalisme au service d'une clientèl…",
Le numéro de téléphone n’est pas disponible,SIREN : 401655162,"3G IMMO est un réseau national constitué de + de 650 mandataires immobiliers expérimentés. Spécialistes de la transaction de tous types de biens, nos conseillers immobiliers mettent leur professionnalisme au service d'une clientèl…",
06 68 80 03 38,SIREN : 512526963,"3G IMMO est un réseau national constitué de + de 650 mandataires immobiliers expérimentés. Spécialistes de la transaction de tous types de biens, nos conseillers immobiliers mettent leur professionnalisme au service d'une clientèl…",
06 72 98 39 98,SIREN : 752799635,"3G IMMO est un réseau national constitué de + de 650 mandataires immobiliers expérimentés. Spécialistes de la transaction de tous types de biens, nos conseillers immobiliers mettent leur professionnalisme au service d'une clientèl…",
06 08 92 22 40,SIREN : 384541116,"3G IMMO est un réseau national constitué de + de 650 mandataires immobiliers expérimentés. Spécialistes de la transaction de tous types de biens, nos conseillers immobiliers mettent leur professionnalisme au service d'une clientèl…",
06 08 05 95 67,SIREN : 324691625,"3G IMMO est un réseau national constitué de + de 650 mandataires immobiliers expérimentés. Spécialistes de la transaction de tous types de biens, nos conseillers immobiliers mettent leur professionnalisme au service d'une clientèl…",
06 85 77 34 30,SIREN : 430030932,"3G IMMO est un réseau national constitué de + de 650 mandataires immobiliers expérimentés. Spécialistes de la transaction de tous types de biens, nos conseillers immobiliers mettent leur professionnalisme au service d'une clientèl…",
Le numéro de téléphone n’est pas disponible,SIREN : 530853621,"3G IMMO est un réseau national constitué de + de 650 mandataires immobiliers expérimentés. Spécialistes de la transaction de tous types de biens, nos conseillers immobiliers mettent leur professionnalisme au service d'une clientèl…",
Le numéro de téléphone n’est pas disponible,SIREN : 498824622,"3G IMMO est un réseau national constitué de + de 650 mandataires immobiliers expérimentés. Spécialistes de la transaction de tous types de biens, nos conseillers immobiliers mettent leur professionnalisme au service d'une clientèl…",
Le numéro de téléphone n’est pas disponible,SIREN : 809260573,"3G IMMO est un réseau national constitué de + de 650 mandataires immobiliers expérimentés. Spécialistes de la transaction de tous types de biens, nos conseillers immobiliers mettent leur professionnalisme au service d'une clientèl…",
Le numéro de téléphone n’est pas disponible,SIREN : 411966534,"3G IMMO est un réseau national constitué de + de 650 mandataires immobiliers expérimentés. Spécialistes de la transaction de tous types de biens, nos conseillers immobiliers mettent leur professionnalisme au service d'une clientèl…",
06 60 29 16 31,SIREN : 821049921,"3G IMMO est un réseau national constitué de + de 650 mandataires immobiliers expérimentés. Spécialistes de la transaction de tous types de biens, nos conseillers immobiliers mettent leur professionnalisme au service d'une clientèl…",
06 32 18 34 75,SIREN : 442928784,"3G IMMO est un réseau national constitué de + de 650 mandataires immobiliers expérimentés. Spécialistes de la transaction de tous types de biens, nos conseillers immobiliers mettent leur professionnalisme au service d'une clientèl…",
06 24 98 82 05,SIREN : 799073556,"3G IMMO est un réseau national constitué de + de 650 mandataires immobiliers expérimentés. Spécialistes de la transaction de tous types de biens, nos conseillers immobiliers mettent leur professionnalisme au service d'une clientèl…",
06 10 78 13 83,SIREN : 531992899,"3G IMMO est un réseau national constitué de + de 650 mandataires immobiliers expérimentés. Spécialistes de la transaction de tous types de biens, nos conseillers immobiliers mettent leur professionnalisme au service d'une clientèl…",
06 50 39 64 64,SIREN : 453769192,"3G IMMO est un réseau national constitué de + de 650 mandataires immobiliers expérimentés. Spécialistes de la transaction de tous types de biens, nos conseillers immobiliers mettent leur professionnalisme au service d'une clientèl…",
Le numéro de téléphone n’est pas disponible,SIREN : 445012354,"3G IMMO est un réseau national constitué de + de 650 mandataires immobiliers expérimentés. Spécialistes de la transaction de tous types de biens, nos conseillers immobiliers mettent leur professionnalisme au service d'une clientèl…",
Le numéro de téléphone n’est pas disponible,SIREN : 424129203,"3G IMMO est un réseau national constitué de + de 650 mandataires immobiliers expérimentés. Spécialistes de la transaction de tous types de biens, nos conseillers immobiliers mettent leur professionnalisme au service d'une clientèl…",
Le numéro de téléphone n’est pas disponible,SIREN : 499021723,"3G IMMO est un réseau national constitué de + de 650 mandataires immobiliers expérimentés. Spécialistes de la transaction de tous types de biens, nos conseillers immobiliers mettent leur professionnalisme au service d'une clientèl…",
Le numéro de téléphone n’est pas disponible,SIREN : 431902162,"3G IMMO est un réseau national constitué de + de 650 mandataires immobiliers expérimentés. Spécialistes de la transaction de tous types de biens, nos conseillers immobiliers mettent leur professionnalisme au service d'une clientèl…",
06 38 16 14 89,SIREN : 437963234,"3G IMMO est un réseau national constitué de + de 650 mandataires immobiliers expérimentés. Spécialistes de la transaction de tous types de biens, nos conseillers immobiliers mettent leur professionnalisme au service d'une clientèl…",
07 61 40 88 20,SIREN : 498368372,"Achat, vente et reprise de véhicules neufs et d'occasions récentes multimarques. Tous nos véhicules sont garantis et révisés. Vous avez la possibilité de voir nos véhicules sur parc sur rdv. Notre expérience depuis 2007, nous perm…",
05 36 09 10 30,SIREN : 853005668,"Tout d’abord place à notre présentation, nous sommes 3 entrepreneurs, 3 J, Julie, Julie et Julien qui se sont rencontrés dans nos tout début d’agent immobilier et qui de par notre entente et notre vision commune de ce métier de pa…",
06 14 83 52 02,SIREN : 853005668,"Nous vous proposons du sérieux et du professionnalisme combinés à de la simplicité, de l’écoute et de la bonne humeur.


Pour chaque projet, une approche différente, car nous savons que vous êtes unique avec votre propre histoire…",
05 61 78 88 49,SIREN : 853005668,"Nous souhaitons vous offrir L’ESTIMATION DE VOTRE BIEN et si vous avez un projet,
vous aider à le concrétiser. Nous disons bien AIDER …
Pourquoi nous insistons sur le mot «aider»? Tout simplement, car pour nous, travailler avec vo…",
Le numéro de téléphone n’est pas disponible,SIREN : 452370208,"Avec 3J Promotion, nous souhaitons revenir à une approche de l’immobilier où notre savoir-faire se met au service des valeurs humaines et environnementales.",
Le numéro de téléphone n’est pas disponible,SIREN : 898417191,Votre agence immobilière dans le neuf à Caen,
Le numéro de téléphone n’est pas disponible,SIREN : 477729636,"3%.COM, Réseau national immobilier à honoraires réduits. Avec des honoraires sur la vente des biens de 3 % TTC à la charge de l’ACQUEREUR, avec un montant minimum TTC de 6000 €. Nous sommes les seuls a communiquer aussi massivemen…",
Le numéro de téléphone n’est pas disponible,SIREN : 842019721,"Nous sommes spécialisés dans la vente de véhicules d'occasion à petit prix. Acheter votre véhicule chez 3LK AUTO, c'est bénéficier d’un prix défiant toute concurrence avec en plus, les garanties d’un vrai professionnel automobile.…",
06 29 61 00 63,SIREN : 389392358,"3%.COM, Réseau national immobilier à honoraires réduits.
Avec des honoraires sur la vente des biens de 3 % TTC* nous sommes les seuls à communiquer aussi massivement et explicitement sur un taux de commissionnement qui est la répo…",
01 85 76 76 28,SIREN : 798528162,"Forte de plusieurs années d’expériences dans le domaine de la distribution informatique , 3LT a su trouver sa voie sur un marché très concurrentiel avec des technologies en perpétuelle évolution.
La Distribution est une composante…",
04 50 36 78 80,SIREN : 520142290,"3M agri, une entreprise dédiée au machinisme agricole sur les 2 Savoies, le Bugey et le pays de Gex (01). Forte des marques Kubota, Reform, Dieci, Lely, Cosnet et Thievin entres autres, de 3 bases sur notre secteur et d’une équipe…",
06 13 18 63 82,SIREN : 898773981,"Spécialiste 4X4 
Neuf et Occasion 

Achat / Vente 
 
Préparation 4x4 Off Road",
02 41 66 92 01,SIREN : 921856159,"Tél : 02 41 66 92 01

142 BIS ROUTE DE LA PYRAMIDE
49130 LES PONTS DE CE",
Le numéro de téléphone n’est pas disponible,SIREN : 897726048,"3+ Immo est fier de vous présenter son agence immobilière à Amiens. Située dans les Hauts-de-France, Amiens est une ville aussi dynamique que touristique. Vos rêves en tête, venez passer les portes de notre agence ! Ensemble, nous…",
Le numéro de téléphone n’est pas disponible,SIREN : 505020669,"Pavillons de l'Atlantique vous permet d'acceder plus 
facilement a la propriete et vous propose de realiser 
d'importantes economies en participant a des travaux de 
finition.

Notre engagement :
la qualite au juste prix et le res…",
Le numéro de téléphone n’est pas disponible,SIREN : 910392117,"3S INVEST (ERA IMMOBILIER)
Lundi-Vendredi : 9hOO-12h00    14h00   19h00
Samedi : 9h00-17h00
Dimanche : Fermé
76 avenue Pasteur
10000 TROYES",
Le numéro de téléphone n’est pas disponible,SIREN : 809225428,"ACHETER/LOUER Immobilier Mandelieu en vente – Maison, villa,
 erafrabappartement, studio, bien d’exception, immobilier de
 
prestige proposées par votre agence immobilière Mandelieu 
ERA à Mandelieu La Napoule.
Découvrez nos …",
Numéro introuvable,SIREN : 434693230,"Toute l'année un large choix de kangoo utilitaire.

Chaque véhicule bénéficie d’une attention particulière tant 
sur le point esthétique que mécanique.

Notre approvisionnement est constant et nous permet d’offrir
 un choix unique…",
06 50 70 94 71,SIREN : 891933715,"Avec notre équipe vous aurez toutes les chances de 
réaliser votre projet dans les meilleures conditions. Nos 
plus ? réactivité, enseigne indépendante, 
pour un maximum de services et de prestations de qualité.

Confiez nous votr…",
04 82 82 65 80,SIREN : 825246770,"Les agences 42ème Avenue Immobilier Saint-Étienne et Plaine du Forez et 43ème Avenue Haute-Loire vous accompagne sur l’ensemble de vos projets immobiliers de leur naissance jusqu’à leur finalisation.

Nos domaines de compétences
-…",
04 82 82 65 85,SIREN : 825246770,"L'agence 43ème Avenue Haute-Loire vous accompagne sur l’ensemble de vos projets immobiliers de leur naissance jusqu’à leur finalisation.

Nos domaines de compétences
- Transaction -Estimation - Location - Gestion locative -Immobil…",
06 50 71 85 83,SIREN : 502111750,"AGENCE 43°NORD/2°EST propose des biens immobiliers pour la 
vente et la location. Consultez notre fiche agence et 
retrouvez l'intégralité de nos annonces : maison, 
appartement, villa, terrain.",
02 38 84 21 21,SIREN : 494435944,"Qui sommes-nous ?

Vente, entretien et réparation de véhicules de Sport, de 
Prestige et de Collection. 

Spécialiste PORSCHE indépendant pour la vente et l'entretien.

NOS VEHICULES EN ANNONCES SONT VISIBLES SUR PLACE DANS NOTRE …",
Le numéro de téléphone n’est pas disponible,SIREN : 391600103,"4807 Immobilier, entrez l'esprit tranquille !
Vous souhaitez acheter ou louer ? 
4807 Immobilier vous propose un large choix d’appartements, maisons, villas, locaux commerciaux à la vente et/ou à la location.
Vous souhaitez vendre…",
Le numéro de téléphone n’est pas disponible,SIREN : 391600103,"4807 Immobilier, entrez l'esprit tranquille !
Vous souhaitez acheter ou louer ? 
4807 Immobilier vous propose un large choix d’appartements, maisons, villas, locaux commerciaux à la vente et/ou à la location.
Vous souhaitez vendre…",
Le numéro de téléphone n’est pas disponible,SIREN : 391600103,"4807 Immobilier, entrez l'esprit tranquille !
Vous souhaitez acheter ou louer ? 
4807 Immobilier vous propose un large choix d’appartements, maisons, villa, locaux commerciaux à la vente et/ou à la location.
Vous souhaitez vendre …",
Le numéro de téléphone n’est pas disponible,SIREN : 391600103,"4807 Immobilier, entrez l'esprit tranquille !
Vous souhaitez acheter ou louer ?  Vous chercher un syndic ?
4807 Immobilier vous propose un large choix d’appartements, maisons, villa, locaux commerciaux à la vente et/ou à la locati…",
04 50 25 83 59,SIREN : 391600103,"4807 Immobilier, entrez l'esprit tranquille !
Vous souhaitez acheter ou louer ? 
4807 Immobilier vous propose un large choix d’appartements, maisons, villas, locaux commerciaux à la vente et/ou à la location.
Vous souhaitez vendre…",
04 50 58 48 07,SIREN : 391600103,"4807 Immobilier, entrez l'esprit tranquille !
Vous souhaitez acheter ou louer ? 
4807 Immobilier vous propose un large choix d’appartements, maisons, villa, locaux commerciaux à la vente et/ou à la location.
Vous souhaitez vendre …",
04 50 49 48 07,SIREN : 391600103,"4807 Immobilier, entrez l'esprit tranquille !
Vous souhaitez acheter ou louer ? 
4807 Immobilier vous propose un large choix d’appartements, maisons, villa, locaux commerciaux à la vente et/ou à la location.
Vous souhaitez vendre …",
04 50 26 48 07,SIREN : 391600103,"4807 Immobilier, entrez l'esprit tranquille !
Vous souhaitez acheter ou louer ? 
4807 Immobilier vous propose un large choix d’appartements, maisons, villas, locaux commerciaux à la vente et/ou à la location.
Vous souhaitez vendre…",
04 50 33 48 48,SIREN : 410355432,"Votre promoteur 4807 Promotion, constructeur d’expérience en Haute-Savoie

Acteur historique de la promotion-construction, 4807 Promotion conçoit, construit et commercialise des logements au travers de différents projets immobilie…",
Le numéro de téléphone n’est pas disponible,SIREN : 534192752,"🏆 4900 IMMO vend votre bien de manière ultra efficace :
/ Commission unique 4 900 €
/ Liberté contractuelle totale (sans exclusivité, sans engagement de durée)
/ Agent dédié de A à Z, visites incluses, présence notaire
/  Publici…",
Le numéro de téléphone n’est pas disponible,SIREN : 352321517,"49 REMORQUES

VENTE et LOCATION 

* Remorques Professionnelles 
* Remorques Particuliers
* Remorques bagagères et de loisirs

Large gamme d'accessoires et de pièces détachées

SAV et réparations

49 REMORQUES CHOLET
5 avenue des t…",
Le numéro de téléphone n’est pas disponible,SIREN : 790079255,"Les 4 chemins de l'immobilier, Transaction, location, gestion 
 groupement d'agences  Property-Partners, c'est:

200 agences sélectionnées pour leurs qualités et expérience.

Plus de 200 collaborateurs expérimentés

Plus de 500 an…",
Le numéro de téléphone n’est pas disponible,SIREN : 750242364,"Si vous n’avez pas encore trouvé le syndic de copropriété
qui vous convient, c’est que vous n’avez pas poussé la 
porte de nos bureaux. 

Vous y serez accueillis par des professionnels disponibles 
et à l’écoute. Ils sauront aussi…",
02 59 29 05 08,SIREN : 898361787,"L’agence 4C immobilier a été fondée par Christophe ALVES durant l'année 2021. Il a commencé sa carrière dans une agence immobilière en 2003, dont 12 années dans un office notarial au Mans. 

Durant toutes ces années, il a acquis u…",
06 33 18 24 11,SIREN : 915180491,"4D broyage vous propose un service de débroussaillage et broyage forestier en forte pente et accès difficile !
Pour tous types de végétation, herbes hautes, ronciers, genets, arbustes jusqu’à 10 cm.

Mais aussi :
- nettoyage & ent…",
07 81 21 80 83,SIREN : 850112715,"Bienvenue dans notre agence
Nous sommes à votre écoute pour vous proposer nos biens et 
vous guider dans vos projets
A bientôt",
01 40 36 40 36,SIREN : 330568338,"L'un des plus grands choix de 2 roues d'occasions en france 
!

Votre atelier est dans le même bâtiment que votre centre 
moto.

Pendant que nos techniciens se chargent de votre machine, 
vous pourrez toujours découvrir ou redécou…",
02 40 48 47 99,SIREN : 447621608,"L'agence L'ADRESSE Talensac est affiliée à la société 4IMMO.

4IMMO c'est 4 métiers : la transaction, le syndic de 
copropriété, la gestion locative et la location.
Entreprise familiale Nantaise, fondée en 1973 
(ex-immobilière 44…",
Le numéro de téléphone n’est pas disponible,SIREN : 451429880,"''Si nos honoraires sont accessibles et représentent un 
atout majeur, bien d’autres atouts qualifient notre 
professionnalisme. Nos agents sont régulièrement formés en 
adéquation avec les textes législatifs. Ils disposent de 
fo…",
Le numéro de téléphone n’est pas disponible,SIREN : 489267229,"ACHAT - VENTE - LOCATION - GESTION - ESTIMATION - VENTE EN VIAGER- RECHERCHE FONCIÈRE -PROGRAMME NEUF ET VENTE DE MURS COMMERCIAUX.

Faites de réelles économies grâce à nos honoraires réduits 
et dégressifs tout en bénéficiant des…",
Le numéro de téléphone n’est pas disponible,SIREN : 451911564,"Si les honoraires d’agences sont libres, les nôtres sont 
dégressifs jusqu’à 2% TTC* 
Les honoraires d’agence sont à la charge de l’acquéreur**
Prix de vente TTC Honoraires TTC**

*Dans le cadre d’un mandat de vente en exclusivité…",
Le numéro de téléphone n’est pas disponible,SIREN : 451911564,"Les honoraires d’agences sont libres, les nôtres sont 
dégressifs jusqu’à 2% TTC* 
Les honoraires d’agence sont à la charge de l’acquéreur**
Prix de vente TTC Honoraires TTC**

*Dans le cadre d’un mandat de vente en exclusivité
Pr…",
03 89 28 64 54,SIREN : 451911564,"4%immobilier est le 1er réseau national à frais réduits et 
dégressifs.
4%immobilier, c'est 11 points de vente en Alsace, avec plus 
de 40 collaborateurs à votre service, 17 ans de présence et 
des milliers de ventes réalisées à c…",
06 08 80 14 47,SIREN : 951905223,none,
03 84 85 38 40,SIREN : 982266140,"Professionnels à honoraires réduits spécialisés dans la transaction immobilière sur Lons-le-Saunier et sa région. Si nos honoraires sont accessibles et représentent un atout majeur, bien d’autres avantages nous qualifient. Nos age…",
05 49 04 05 66,SIREN : 444127930,"''Si nos honoraires sont accessibles et représentent un 
atout majeur, bien d’autres atouts qualifient notre 
professionnalisme. Nos agents sont régulièrement formés en 
adéquation avec les textes législatifs. Ils disposent de 
fo…",
02 38 56 06 71,SIREN : 537799272,"''Si nos honoraires sont accessibles et représentent un atout
 majeur, bien d’autres atouts qualifient notre professionnalisme. 
Nos agents sont régulièrement formés en adéquation avec les 
textes législatifs. Ils disposent de for…",
Le numéro de téléphone n’est pas disponible,SIREN : 479931735,"Si nos honoraires sont accessibles et 
représentent un atout majeur, bien 
d'autres atouts qualifient notre professionnalisme. 
Nos agents sont régulièrement formés 
en adéquation avec les textes législatifs. 
Ils disposent de for…",
Le numéro de téléphone n’est pas disponible,SIREN : 481463479,"Si nos honoraires sont accessibles et représentent un 
atout majeur, bien d’autres atouts qualifient notre 
professionnalisme. Nos agents sont régulièrement formés, en 
adéquation avec les textes législatifs. 
Que vous souhaitiez,…",
Le numéro de téléphone n’est pas disponible,SIREN : 487481061,"Bienvenue chez 4% Immobilier PORNICHET

L'agence vous accompagne sur votre projet de vie sur le secteur de la Côte d'Amour ( PORNICHET -  LA BAULE -  LE POULIGUEN - GUERANDE - SAINT ANDRE DES EAUX - BATZ SUR MER - LE CROISIC ...)
…",
Le numéro de téléphone n’est pas disponible,SIREN : 451911564,"Les honoraires d’agences sont libres, les nôtres sont 
dégressifs jusqu’à 2% TTC* 
Les honoraires d’agence sont à la charge de l’acquéreur**
Prix de vente TTC Honoraires TTC**

*Dans le cadre d’un mandat de vente en exclusivité
Pr…",
06 59 21 15 75,SIREN : 412388746,none,
06 64 58 92 98,SIREN : 532650348,"Si nos honoraires réduits sont accessibles et représentent un atout majeur, bien d’autres atouts qualifient notre professionnalisme. 
Nos agents sont régulièrement formés en adéquation avec les textes législatifs. 
Ils disposent d…",
06 64 58 92 98,SIREN : 810354936,"Si nos honoraires réduits sont accessibles et représentent un atout majeur, bien d’autres atouts qualifient notre professionnalisme. 
Nos agents sont régulièrement formés en adéquation avec les textes législatifs. 
Ils disposent d…",
02 38 25 15 60,SIREN : 495392508,"Si nos honoraires sont accessibles et représentent un atout 
majeur, bien d’autres atouts qualifient notre 
professionnalisme. Nos agents sont régulièrement formés en 
adéquation avec les textes législatifs. Ils disposent de 
form…",
09 78 80 63 58,SIREN : 914949532,"PROJET IMMOBILIER, PROJET DE VIE !

L'immobilier, ce n'est pas uniquement des surfaces en m² 
et des prix net vendeur, c'est surtout vous : des gens 
uniques et des projets de vie qui le sont aussi.",
Le numéro de téléphone n’est pas disponible,SIREN : 880138193,"4 ROUES vous propose une sélection de véhicules d'occasion révisés et garantis, de toutes marques sur parc ou sur commande.

Les Services 4 ROUES :

- Extension de garantie
- Recherche personnalisée
- Reprise de votre véhicule

Co…",
Le numéro de téléphone n’est pas disponible,SIREN : 908228778,"- VENTE ET IMPORTATION DE VÉHICULES DE SPORTS ET DE PRESTIGES
- NEUFS ET OCCASIONS
- SERVICE CARTE GRISE

Ouverture du mardi au vendredi de 9h30 à 12h30 et de 14h00 à 19h00 et le samedi de 09h30 à 12h30 et de 14h00 à 17h00.",
Le numéro de téléphone n’est pas disponible,SIREN : 930860846,"NOS SERVICES 

- Large sélection de Mobil-homes avec arrivage permanent.
- Livraison partout en France.
- Expertise Technique : Tests en eau, gaz et électricité réalisés par des professionnels agréés avant chaque livraison.
- Nett…",
Le numéro de téléphone n’est pas disponible,SIREN : 838528032,"Chez 4SAUTOMOBILES.FR, nous sommes passionnés par l’automobile et dédiés à offrir à nos clients une expérience d’achat exceptionnelle.

Notre mission ? Vous proposer une sélection de véhicules d’occasion exclusifs, soigneusement c…",
05 55 30 53 40,SIREN : 902543339,"Votre agence immobilière 4 Vents Immo est spécialisée dans les métiers de la vente, de la location et de la gestion immobilière, à Limoges et dans le sud de la Haute Vienne.

Vous souhaitez acheter ou vendre un bien immobilier à B…",
04 42 82 42 42,SIREN : 344531330,"VENEZ VISITER NOTRE PARC POUR PEUT ETRE TROUVER LE 4X4 QUI 
VOUS CONVIENT !!! 
  
Pour nous joindre demandez PATRICK FERREI au 04.42.82.42.42

Mail : preparateur4wdpreparation@hotmail.fr
Facebook : quatrewd préparation ou 4WD PREP…",
05 62 32 92 21,SIREN : 451527683,"Spécialiste Pièces & Accessoires 4X4 & Motos (Maxi-Trails) orientés Off-Road.

4x4accessoires.com est spécialisé dans la vente de pièces & accessoires 4x4 et Motos (Maxi-Trails) orientés Off-Road.

Vous y trouverez les pièces auto…",
04 42 02 95 44,SIREN : 383426004,"Bienvenue sur 4×4 Diffusion votre spécialiste 4×4 et Quad , SSV !

Entretien, réparation, préparation et vente 4×4 , Quad , SSV , moto électrique , pièces détachées, dépôt vente, vente d’accessoires et d’équipement, préparation ra…",
06 64 77 34 57,SIREN : 489908004,"Notre société spécialisée dans l’importation, des pays 
européens (CEE) , de 4×4 LandRover Defender
 de tous types et autres 4×4.
 Cette société, créée par Emmanuel Lagel le 03 mai 2006, 
répond aux nécessités du nouveau marché in…",
Le numéro de téléphone n’est pas disponible,SIREN : 828278523,"4X4 FUTÉ 34 est un centre multimarques parfaitement équipé pour assurer l'entretien, la réparation et la préparation de véhicules 4x4 et pickups de tous types. L'atelier de 200 m2 à Saint André de Sangonis dans l'Hérault tout près…",
Le numéro de téléphone n’est pas disponible,SIREN : 912703287,"4Y IMMOBILIER, votre expert en immobilier à Grenoble et environs. Nous vous accompagnons dans vos projets de vente, location et gestion avec une approche personnalisée, transparente et efficace. Profitez de notre savoir-faire pour…",
Le numéro de téléphone n’est pas disponible,SIREN : 952212629,"La Transaction JUSTE et EQUITABLE

50/50 IMMOBILIER est spécialisée dans la 
transaction immobilière et nous vous proposons tous types 
de services concernant l'achat ou la vente de biens 
immobiliers.
 
Que ce soit votre maison, …",
Le numéro de téléphone n’est pas disponible,SIREN : 444231088,"Vous achetez, vous vendez, un bien immobilier ?

Votre agence familiale est à votre disposition pour vous

conseiller dans votre projet et assurer le suivi de votre 
transaction.

Implantée au cœur de Port Marianne depuis 2002, no…",
03 80 66 61 75,SIREN : 982665127,"Magasin de Vélo 5b Cycle – Dijon, Place Wilson

Située à deux pas de la place Wilson, notre boutique vous propose une large gamme de vélos pour tous : vélos de ville, VTT, vélos de route, électriques ou pour enfants. Tous nos modè…",
03 44 62 03 56,SIREN : 538892811,"5ème Avenue Immobilier est une agence créée en 2012, elle se situe en plein cœur de Chantilly dans l’Oise. Au sein de cette agence à taille humaine, vous retrouverez une équipe dynamique et professionnelle avec des valeurs et une …",
06 12 51 17 24,SIREN : 834685232,Réseau Immobilier.notaires® : 2200 notaires négociateurs sont à votre disposition dans toute la France. L’office notarial et son service immobilier vous accompagnent à chaque étape de votre projet pour: Evaluer : grâce à sa base d…,
06 45 80 13 10,SIREN : 878111590,"Vente de véhicule : Conseil - Achat - Vente - Sécurité - 
Confiance Financement et reprise d'anciens véhicules 
Recherche spécifique / Import & Export Service de 
conciergerie pour voitures d'exception (devis sur rdv) 
Rénovation …",
07 71 83 03 51,SIREN : 833702269,"Seule agence implantée sur Cairon et Saint Contest
Vente et achat de biens immobiliers",
Le numéro de téléphone n’est pas disponible,SIREN : 505366013,"Notre magasin 66 jet parts, situé à Canet en Roussillon , est un magasin secondaire de Seventeen jet&parts situé à Saujon dans le 17.

Spécialiste des motomarines Sea Doo (BRP) ainsi que tous les équipements liés à la pratique de …",
Le numéro de téléphone n’est pas disponible,SIREN : 452757412,"Depuis plus de 21ans, Bertrand SICARD sélectionne rigoureusement les véhicules premiums que nous proposons à nos clients.
Une sélection méticuleuse, attentionnée,  dans le respect des règles de l'art automobile
Nos achats en direc…",
Le numéro de téléphone n’est pas disponible,SIREN : 332277037,"Spécialiste vente deux roues BMW Motorrad.

Mardi au Samedi de 9h00 à 12h00 et 14h00 à 18h00",
Numéro introuvable,SIREN : 805246931,"Implanté à Lyon et à Paris, 6ème Sens Immobilier est classé parmi les plus importants promoteurs immobiliers en France. Reconnu pour son savoir-faire diversifié, ses références emblématiques et sa capacité à s’adapter à l’évolutio…",
06 07 83 65 03,SIREN : 805246931,"Loin des standards d’une agence traditionnelle, notre Agence 6ème Sens Lyon 7 est sans mauvaise surprise : simplicité, réactivité et efficacité sont nos maîtres-mots.
Grâce à vingt années d’expertise sur Lyon, notre connaissance d…",
05 62 84 87 10,SIREN : 844890467,"Deux sœurs, une passion commune, L'IMMOBILIER D'EXCEPTION

Notre art de vivre : travail et plaisir, sérieux et bonne humeur…
Notre engagement : VOUS satisfaire, respecter vos attentes, vos émotions, votre style de vie.

Un accompa…",
06 25 78 27 40,SIREN : 829598283,"L'immobilier a Villeneuve de Berg et Sud Ardeche

Bienvenue chez 7 Ardeche Immobilier

Mon agence immobiliere, independante, est situee a Saint Andeol de Berg pres de Villeneuve de Berg, en Ardeche du Sud.

Specialiste de la prosp…",
06 03 45 57 48,SIREN : 980334650,Ventes de véhicules occasions,
07 69 55 11 41,SIREN : 888594678,"7CAR7 est une société qui vous propose une large gamme de véhicules au prix juste. Nos véhicules sont contrôlés, révisés et garantis. Une flotte de véhicules sélectionnée parmi les meilleures affaires de l’hexagone pour assurer un…",
Le numéro de téléphone n’est pas disponible,SIREN : 813673472,"Notre agence 7D Immobilier est implantee au coeur du quartier des Sept Deniers a Toulouse. Notre credo, proximite et reactivite.

Agence de proximite, nous travaillons aux cotes de nos clients dans tous leurs projets immobilier : …",
Le numéro de téléphone n’est pas disponible,SIREN : 341540870,"Bienvenue chez 7e Avenue,

Nous proposons, pour les passionnés de motos et scooters mais également pour les professionnels qui ont compris l’intérêt de l'utilisation du deux-roues pour leur activité, une large gamme de véhicules d…",
Le numéro de téléphone n’est pas disponible,SIREN : 808083349,"Installés en plein coeur de Lyon, nous accompagnons nos 
clients sur tous types de projets immobiliers sans barrières
 géographiques. Ecoute et conseils sont les maîtres mots de 
notre travail afin de réaliser ENSEMBLE et dans …",
Le numéro de téléphone n’est pas disponible,SIREN : 821788270,"ACHATS - VENTES - ESTIMATIONS - ETUDES/CONSEILS

Vos Agences 83 immobilier :

531 avenue des platanes 83660  Carnoules / 30 Route de Rocbaron 83390 Puget-Ville

contactez nous au 04 94 48 80 88",
06 52 67 81 30,SIREN : 921986626,"NATIONAL STREET CAR vous propose une gamme de véhicules neufs et occasions toutes marques révisés et garantis 3 mois.

Service réparation, entretien
Service carte grise
Service immatriculation
Reprise de votre ancien véhicule

Hor…",
07 49 85 40 98,SIREN : 889608774,"Nous négocions et organisons l'achat et la vente de biens immobiliers dans votre région du début jusqu'à la remise de vos clés .

88 BIS Immobilier met tout en œuvre pour vous offrir une prestation personnelle et exclusive dans le…",
07 89 46 97 30,SIREN : 979356557,"89 Watches
Votre professionnel de l’horlogerie sur Paris.

🕘 Luxury Watch Dealer
🤝🏼 Sell-Buy-Trade
📍 Paris 🇫🇷
 INSTAGRAM : 89watches_
👻 Snap:watches89
💚 Trusted dealer @mondaniweb 
🌎 @chrono24 📨
📩 89watchesparis@gmail.c…",
04 77 29 05 92,SIREN : 829708932,"Notre agence 8 IMMO est situé au 8 rue de la République, au 
cœur du village de la Talaudière (42350). Nous avons repris,
 renommé et repensé ce commerce de proximité (anciennement 
AF René Giron) existant depuis 2010, le 03 juill…",
07 50 27 08 34,SIREN : 810844910,"95bis Immobilier a un pôle et une équipe dédiés au Viager - Vente à terme - Nue propriété - Cession avec bail à vie, en région Rhône-Alpes",
Le numéro de téléphone n’est pas disponible,SIREN : 531307064,"9Cube Agence spécialisée dans la LOCATION de Matériel Evénementiel BARNUMS, PAGODES, CHAPITEAUX, MOBILIER depuis 20 ans. 

En fonction de vos besoins, matériel disponible :
- En retrait à notre dépôt de Pomponne (77)
- Livré/Repri…",
Le numéro de téléphone n’est pas disponible,SIREN : 310069687,"Fondée en 1724, l’Étude (9) Notaires est implantée à NANCY, (9) rue Saint-Nicolas. 
L’office notarial est piloté par 4 notaires associés : Marc BLETOUX, François-Xavier PAQUIN, Carole HOUILLON et Gaëtan BURTÉ , assistés d’une tren…",
Le numéro de téléphone n’est pas disponible,SIREN : 538298555,"NOUS VENDONS...

Tout type d'agencement et d'équipement de magasin, 
accessoires, mobiliers, gondoles métalliques, présentoirs.
Vous avez un projet de création ? De reprise de magasin ? 
d'un agrandissement ? Notre équipe se fera …",
Numéro introuvable,SIREN : 919007625,"9XD SPORTS est une entreprise spécialisée dans la conception et la distribution d’équipements sportifs haut de gamme. Grâce à nos marques phares, nous proposons des produits alliant innovation, performance et durabilité, adaptés a…",
06 34 60 83 94,SIREN : 833848617,"A2 Autos, spécialiste en ventes et reprises de véhicules multi-marques (tourisme, utilitaires) neufs et occasions. 

Fort de notre expérience, nous serons vous conseiller et orienter dans votre future acquisition selon vos besoins…",
04 95 35 18 48,SIREN : 794759902,"Votre agence A2B IMMO vous accompagne dans toutes les démarches de votre projet immobilier.

Des professionnels dynamiques et compétents pour un service sur mesure à la hauteur de vos attentes.

A2B IMMO vous propose une réponse a…",
05 45 37 48 69,SIREN : 444334098,"Retrouvez toutes nos annonces de biens à vendre et à louer sur Angoulême et les communes alentours. 
Nos conseillers sont spécialisés dans la recherche, l'évaluation et la négociation de vos biens immobiliers. 
Ils vous accompagne…",
04 71 09 56 67,SIREN : 480598416,"Située en plein centre ville du Puy en velay, sur la Place 
Cadelade A2b Immobilier vous accompagne pour la réalisation 
de votre projet immobilier. Vous souhaitez acheter, vendre 
ou faire estimer la valeur de votre appartement, …",
01 69 40 03 16,SIREN : 487716474,"A2C IMMO c'est une équipe professionnelle et humaine, qui s'engage à avoir un service de proximité et de qualité.

A2C IMMO en quelques mots, fort de plus de 18 ans d'expérience sur le secteur de Vigneux-sur-Seine, Draveil et Mont…",
Le numéro de téléphone n’est pas disponible,SIREN : 884459025,"Nous gérons la location de vos engins agricoles, équipements et biens matériels. 

N'hésitez pas à nous contacter pour plus de renseignements.",
Le numéro de téléphone n’est pas disponible,SIREN : 802995233,Le cabinet A2D IMMOBILIER est un cabinet familial à taille humaine.,
Le numéro de téléphone n’est pas disponible,SIREN : 537561185,"Le seul Professionnel de la voiture sans permis en Sarthe et en Eure et Loir

A2H Ligier Store 
1 Impasse du Calvaire - Route de Bonnétable 
72190 SARGE LES LE MANS Tél 02.43.82.02.86

A2H Ligier Store 
1 rue Maréchal Leclerc
2860…",
Numéro introuvable,SIREN : 908403447,"Le groupe A2micile propose des services à domicile au travers de 2 marques : Azaé et Domaliance.
Le réseau se développe fortement depuis sa création en octobre 2005 à Strasbourg par Joël Chaulet. Aujourd’hui, ce groupe familial es…",
04 44 44 89 10,SIREN : 948202940,"A2M Immobilier vous propose ses services d'accompagnement dans vos projets immobiliers.
Un accompagnement personnalisé et adapté à vos besoin durant tout le processus de mise en vente, de mise en location ou en gestion locative de…",
07  5 2  05  9 8  58,SIREN : 939309134,"A2P, votre partenaire automobile.

Nos Services :

Vente et achat de véhicules d'occasion
Nous vous proposons une sélection rigoureuse de véhicules d’occasion fiables, soigneusement contrôlés pour répondre à vos attentes en matièr…",
06 35 45 21 41,SIREN : 823889738,"A2Patrimoine est une agence immobilière dépendant d’un cabinet de gestion de patrimoine combinant deux services complémentaires : la transaction immobilière et la gestion d’actifs.
Que ce soit pour votre résidence principale, votr…",
02 32 25 20 94,SIREN : 488320946,"Notre agence située au centre du village de LA HAYE MALHERBE
vous propose des biens à la VENTE et à la LOCATION situés
en périphérie de LOUVIERS et sur le plateau du NEUBOURG.

L'AGENCE AU FORFAIT UNIQUE* !!

ECONOMISEZ sur l'acha…",
06 29 57 00 70,SIREN : 891193567,"Achat, vente et reprise de véhicules d'occasions multimarques. Tous nos véhicules sont garantis et révisés. Vous avez la possibilité de voir nos véhicules sur parc. Notre expérience nous permet de vous conseiller dans votre achat …",
